gene_id	variant_id	N_Regions_Shared	Caudate	DLPFC	Hippocampus
ENST00000001008.5	chr12:3263718:G:A	1	1	0	0
ENST00000040877.1	chr1:233901780:A:G	3	1	1	1
ENST00000211314.4	chr6:52974387:T:C	3	1	1	1
ENST00000215565.2	chr19:14454195:G:A	1	1	0	0
ENST00000216038.5	chr22:32844303:A:G	3	1	1	1
ENST00000217893.9	chr5:69297594:G:T	1	1	0	0
ENST00000220763.9	chr8:96493168:G:C	1	1	0	0
ENST00000220822.11	chr8:74044014:C:T	1	1	0	0
ENST00000221130.9	chr8:30711118:C:G	1	1	0	0
ENST00000221138.8	chr8:30427575:G:C	1	1	0	0
ENST00000221770.7	chr19:29791742:G:A	3	1	1	1
ENST00000222122.9	chr19:48326373:C:T	3	1	1	1
ENST00000222307.8	chr19:18400700:T:A	3	1	1	1
ENST00000223136.4	chr7:101662992:T:C	3	1	1	1
ENST00000225726.9	chr17:63441405:G:C	3	1	1	1
ENST00000226798.8	chr4:189484285:A:G	3	1	1	1
ENST00000228347.8	chr12:106195057:C:T	3	1	1	1
ENST00000228506.7	chr12:120277891:G:A	3	1	1	1
ENST00000229214.8	chr12:75575097:G:A	1	1	0	0
ENST00000229266.7	chr12:101231848:GC:G	3	1	1	1
ENST00000230792.6	chr5:103687280:A:G	1	1	0	0
ENST00000234170.9	chr2:37521224:C:T	1	1	0	0
ENST00000234875.8	chr1:6138685:T:A	1	1	0	0
ENST00000235329.9	chr1:12070460:C:T	1	1	0	0
ENST00000242728.4	chr12:26049552:C:T	3	1	1	1
ENST00000243997.7	chr20:58683107:A:T	3	1	1	1
ENST00000244137.11	chr19:33007557:G:A	1	1	0	0
ENST00000247271.4	chr17:31708363:C:T	3	1	1	1
ENST00000248566.3	chr7:97085617:A:G	1	1	0	0
ENST00000253083.8	chr12:122686671:A:G	3	1	1	1
ENST00000253401.10	chrX:63986618:C:G	1	1	0	0
ENST00000254101.3	chr1:147519675:C:T	3	1	1	1
ENST00000254661.4	chr2:237422993:T:C	3	1	1	1
ENST00000255390.9	chr17:10964327:G:A	3	1	1	1
ENST00000256108.9	chr8:81779473:A:G	1	1	0	0
ENST00000256246.4	chr8:30550793:C:A	3	1	1	1
ENST00000256497.8	chr3:5084328:G:A	1	1	0	0
ENST00000256545.8	chr15:34522588:A:G	3	1	1	1
ENST00000256854.9	chr18:57643894:A:G	1	1	0	0
ENST00000258662.2	chr13:48140856:TCA:T	1	1	0	0
ENST00000258873.8	chr15:77703607:G:C	3	1	1	1
ENST00000259154.8	chr1:215136238:G:A	3	1	1	1
ENST00000260382.9	chr15:71376776:A:G	1	1	0	0
ENST00000260595.9	chr2:27163219:T:C	3	1	1	1
ENST00000260810.9	chr3:133818583:C:CT	1	1	0	0
ENST00000260956.8	chr2:169430656:A:G	1	1	0	0
ENST00000261034.6	chr3:112604508:A:ATATT	3	1	1	1
ENST00000261167.6	chr12:14323179:C:CT	2	1	0	1
ENST00000261211.7	chr12:96775183:G:A	1	1	0	0
ENST00000261396.5	chr1:229081701:T:C	3	1	1	1
ENST00000261537.6	chr18:21906065:T:A	3	1	1	1
ENST00000261558.7	chr14:57558961:A:G	3	1	1	1
ENST00000261783.3	chr14:67528940:T:C	3	1	1	1
ENST00000262052.9	chr12:51422002:C:T	1	1	0	0
ENST00000262094.9	chr18:54700202:T:C	1	1	0	0
ENST00000262193.6	chr6:170110803:C:T	1	1	0	0
ENST00000262238.8	chr14:100365915:C:T	1	1	0	0
ENST00000262265.9	chr19:49166320:A:G	1	1	0	0
ENST00000262498.7	chr16:58468549:C:T	1	1	0	0
ENST00000262631.9	chr19:35128262:A:G	3	1	1	1
ENST00000262942.9	chr7:99068873:CCCTAA:C	1	1	0	0
ENST00000262982.2	chr20:48871111:TCA:T	1	1	0	0
ENST00000263168.3	chr1:113009261:T:C	1	1	0	0
ENST00000263368.8	chr19:40459571:A:G	1	1	0	0
ENST00000263733.4	chr1:179040981:C:G	1	1	0	0
ENST00000264346.11	chr4:88781467:A:T	3	1	1	1
ENST00000264350.7	chr4:88197293:A:G	1	1	0	0
ENST00000264710.4	chr2:25969323:A:C	3	1	1	1
ENST00000265304.10	chr7:141333210:G:A	1	1	0	0
ENST00000265651.7	chr11:33963844:G:A	3	1	1	1
ENST00000266563.9	chr12:6720435:A:AATAG	3	1	1	1
ENST00000266735.9	chr12:96251673:G:A	3	1	1	1
ENST00000268125.9	chr15:88733312:T:C	3	1	1	1
ENST00000269195.5	chr18:35759603:A:T	1	1	0	0
ENST00000270142.10	chr21:31438336:C:T	1	1	0	0
ENST00000273047.8	chr3:20107609:A:G	1	1	0	0
ENST00000273062.6	chr2:218641534:G:A	3	1	1	1
ENST00000274457.4	chr5:115903559:A:G	1	1	0	0
ENST00000278671.9	chr11:72486591:G:A	1	1	0	0
ENST00000279907.11	chr12:99596337:A:C	1	1	0	0
ENST00000281938.6	chr12:118877265:G:A	3	1	1	1
ENST00000282397.8	chr13:28551981:A:G	3	1	1	1
ENST00000283441.12	chr5:1187526:T:C	3	1	1	1
ENST00000284637.13	chr4:168719307:G:C	1	1	0	0
ENST00000284971.7	chr21:25834460:G:C	1	1	0	0
ENST00000285208.8	chr3:133744613:G:A	1	1	0	0
ENST00000285667.3	chr21:14653945:A:G	1	1	0	0
ENST00000286428.5	chrX:154794371:A:T	1	1	0	0
ENST00000290650.8	chr15:43161467:T:TA	3	1	1	1
ENST00000295770.3	chr3:31137358:A:G	3	1	1	1
ENST00000295887.5	chr4:84493588:C:T	3	1	1	1
ENST00000296511.9	chr4:121648414:CT:C	3	1	1	1
ENST00000296591.9	chr5:84017127:A:G	1	1	0	0
ENST00000296754.7	chr5:96895800:C:T	3	1	1	1
ENST00000297488.10	chr8:18081065:C:T	3	1	1	1
ENST00000298355.7	chr14:50857899:C:A	1	1	0	0
ENST00000298746.4	chr10:114955941:T:A	1	1	0	0
ENST00000299498.10	chr11:7853976:C:T	3	1	1	1
ENST00000299638.7	chr15:57687250:C:T	1	1	0	0
ENST00000300737.8	chr11:3868192:CAA:C	1	1	0	0
ENST00000301764.11	chr11:60988884:G:T	1	1	0	0
ENST00000302490.12	chr3:156414638:C:A	1	1	0	0
ENST00000302763.11	chr5:138457527:C:T	3	1	1	1
ENST00000303538.12	chr4:39794927:C:T	3	1	1	1
ENST00000304411.2	chr3:71787590:T:C	1	1	0	0
ENST00000304786.11	chr1:226163553:T:G	1	1	0	0
ENST00000304863.5	chr19:29235044:CA:C	3	1	1	1
ENST00000304921.9	chr2:3669906:T:G	1	1	0	0
ENST00000306270.11	chr6:82068400:T:C	3	1	1	1
ENST00000307145.3	chr15:31241036:A:G	1	1	0	0
ENST00000307892.12	chr16:69287865:T:A	1	1	0	0
ENST00000308961.4	chr19:6155722:T:C	3	1	1	1
ENST00000309534.10	chr3:88464035:A:C	3	1	1	1
ENST00000309594.4	chr13:21225528:G:A	3	1	1	1
ENST00000309683.10	chr7:65018500:A:G	3	1	1	1
ENST00000310430.10	chr8:10033758:A:C	3	1	1	1
ENST00000312547.6	chr19:58555551:A:C	1	1	0	0
ENST00000312916.11	chr5:77197583:T:C	1	1	0	0
ENST00000312960.3	chr3:151061761:G:A	1	1	0	0
ENST00000313250.9	chr14:23565392:TA:T	3	1	1	1
ENST00000313468.9	chr11:68008772:G:A	3	1	1	1
ENST00000314133.3	chr11:63939032:A:G	1	1	0	0
ENST00000316448.9	chr19:12580029:T:C	1	1	0	0
ENST00000318911.4	chr8:144460930:C:T	3	1	1	1
ENST00000320027.9	chr13:31578893:T:C	3	1	1	1
ENST00000320393.8	chr6:80067750:C:T	3	1	1	1
ENST00000320640.10	chr16:47046608:AT:A	1	1	0	0
ENST00000320848.6	chr4:6850914:C:T	3	1	1	1
ENST00000321037.4	chr6:46056615:C:A	3	1	1	1
ENST00000321556.4	chr1:20307336:G:T	1	1	0	0
ENST00000321892.8	chr17:68216981:C:T	3	1	1	1
ENST00000321919.13	chr16:4979978:C:T	1	1	0	0
ENST00000322213.8	chrX:53280665:A:G	3	1	1	1
ENST00000323037.4	chr7:30373410:C:G	3	1	1	1
ENST00000323666.9	chr12:95608156:G:T	3	1	1	1
ENST00000323829.9	chr5:148772126:A:C	1	1	0	0
ENST00000323981.6	chr11:94136949:T:C	3	1	1	1
ENST00000327772.6	chr12:94529652:A:G	3	1	1	1
ENST00000329117.9	chr1:156825994:A:G	3	1	1	1
ENST00000330029.6	chr22:29279947:T:A	3	1	1	1
ENST00000330188.13	chr1:154619664:T:C	3	1	1	1
ENST00000331327.4	chr5:139882532:A:G	1	1	0	0
ENST00000331497.3	chr15:90120533:G:A	1	1	0	0
ENST00000331768.9	chr14:99596747:T:C	1	1	0	0
ENST00000331835.9	chr1:86942920:AT:A	3	1	1	1
ENST00000331872.10	chr1:182364633:A:G	1	1	0	0
ENST00000331925.6	chr17:81489018:C:G	3	1	1	1
ENST00000332272.8	chr16:75272026:A:G	3	1	1	1
ENST00000333145.9	chr2:113364562:G:A	3	1	1	1
ENST00000334351.7	chr1:23927262:G:T	1	1	0	0
ENST00000334464.6	chr10:117564036:G:T	3	1	1	1
ENST00000334828.5	chr10:97408000:T:C	3	1	1	1
ENST00000335007.9	chr12:110285440:C:T	1	1	0	0
ENST00000335659.7	chr8:101019087:T:C	3	1	1	1
ENST00000335753.8	chr10:103572695:C:T	1	1	0	0
ENST00000336032.3	chr6:88877310:A:G	3	1	1	1
ENST00000336053.10	chr14:20962814:G:T	3	1	1	1
ENST00000336812.4	chr4:24805257:C:T	1	1	0	0
ENST00000337231.5	chr17:75016347:C:T	1	1	0	0
ENST00000338244.5	chr20:4791400:T:C	3	1	1	1
ENST00000338272.8	chr1:109278966:G:A	1	1	0	0
ENST00000338382.10	chr9:21010467:C:G	1	1	0	0
ENST00000339754.9	chr12:7912475:C:A	1	1	0	0
ENST00000340857.3	chr22:37663036:C:G	3	1	1	1
ENST00000341223.7	chr14:34388211:C:A	3	1	1	1
ENST00000342374.4	chr20:44073341:A:G	3	1	1	1
ENST00000343307.4	chr13:31445492:G:T	3	1	1	1
ENST00000343348.10	chr5:116879726:A:C	1	1	0	0
ENST00000343916.7	chr20:63251423:G:A	3	1	1	1
ENST00000344519.8	chr19:20391494:G:T	1	1	0	0
ENST00000347364.7	chr20:9909687:G:C	3	1	1	1
ENST00000347970.7	chr15:101300402:G:A	1	1	0	0
ENST00000349496.9	chr3:41458818:C:T	1	1	0	0
ENST00000350669.5	chr12:21178245:G:A	1	1	0	0
ENST00000352732.9	chr15:89101707:G:A	1	1	0	0
ENST00000352861.8	chr7:55214984:A:G	1	1	0	0
ENST00000353107.7	chr8:100235888:C:T	3	1	1	1
ENST00000353411.10	chr5:134429940:G:C	3	1	1	1
ENST00000354775.4	chr1:165424908:C:T	3	1	1	1
ENST00000355281.1	chr1:247683459:G:A	3	1	1	1
ENST00000355451.7	chr7:44017419:G:A	3	1	1	1
ENST00000355797.7	chr17:76198278:C:T	1	1	0	0
ENST00000356231.3	chr15:42806458:C:T	3	1	1	1
ENST00000356245.7	chr5:151967803:G:A	3	1	1	1
ENST00000356413.4	chrX:70572617:A:T	1	1	0	0
ENST00000356644.7	chr6:108595370:T:C	1	1	0	0
ENST00000356708.11	chr10:7734868:C:T	3	1	1	1
ENST00000356860.7	chr7:81740103:A:G	3	1	1	1
ENST00000357166.10	chrX:130276554:G:A	1	1	0	0
ENST00000358227.4	chr9:8127503:G:C	1	1	0	0
ENST00000359712.7	chr2:9179848:G:A	3	1	1	1
ENST00000360110.8	chr3:195874683:G:A	3	1	1	1
ENST00000360472.8	chr1:160126388:T:C	3	1	1	1
ENST00000361445.8	chr1:11371636:T:C	1	1	0	0
ENST00000361875.7	chr3:150700289:T:C	3	1	1	1
ENST00000362034.6	chr11:68855357:G:C	3	1	1	1
ENST00000363217.1	chr1:28676685:G:A	3	1	1	1
ENST00000363524.1	chr17:67509523:T:C	1	1	0	0
ENST00000366513.8	chr1:246707333:C:T	1	1	0	0
ENST00000366645.1	chr1:230865945:C:T	1	1	0	0
ENST00000366814.3	chr1:225838540:C:G	3	1	1	1
ENST00000366847.8	chr6:166744359:CG:C	1	1	0	0
ENST00000366910.9	chr1:220798986:G:C	3	1	1	1
ENST00000366997.8	chr1:211820412:G:A	1	1	0	0
ENST00000367001.4	chr1:211477387:A:G	1	1	0	0
ENST00000367034.4	chr6:159602205:C:A	1	1	0	0
ENST00000367242.3	chr1:202630177:C:T	1	1	0	0
ENST00000367261.7	chr1:202664356:C:A	1	1	0	0
ENST00000367941.6	chr6:132447819:C:T	1	1	0	0
ENST00000368636.8	chr10:131858533:A:G	3	1	1	1
ENST00000369075.7	chr10:119395224:A:C	3	1	1	1
ENST00000369172.8	chr10:117952170:C:T	1	1	0	0
ENST00000369836.8	chr1:109923933:G:A	3	1	1	1
ENST00000369905.8	chr10:102780808:G:C	1	1	0	0
ENST00000369937.4	chr10:102784131:G:C	1	1	0	0
ENST00000370033.8	chr10:101718060:T:G	3	1	1	1
ENST00000370053.2	chr20:63467555:GCC:G	3	1	1	1
ENST00000370355.2	chr10:100638628:G:A	3	1	1	1
ENST00000371088.4	chr1:63701220:C:T	1	1	0	0
ENST00000371419.6	chr20:54670187:C:T	3	1	1	1
ENST00000371917.4	chr20:49138625:C:T	3	1	1	1
ENST00000371924.5	chr10:88977159:G:T	3	1	1	1
ENST00000372014.4	chr6:44195890:G:A	1	1	0	0
ENST00000372134.5	chr10:84589891:G:A	1	1	0	0
ENST00000372343.7	chr1:43644145:G:T	1	1	0	0
ENST00000373212.5	chrX:81644269:C:T	3	1	1	1
ENST00000373241.8	chr10:70504036:C:T	1	1	0	0
ENST00000373290.6	chr10:69892824:T:C	1	1	0	0
ENST00000373547.8	chr9:125436143:C:A	1	1	0	0
ENST00000373627.9	chr6:36971437:C:T	1	1	0	0
ENST00000373670.5	chr9:122513135:T:G	3	1	1	1
ENST00000374550.7	chr1:23937844:A:T	3	1	1	1
ENST00000375855.3	chr9:88745697:T:C	1	1	0	0
ENST00000375991.8	chr9:86423512:A:G	1	1	0	0
ENST00000376717.6	chr9:76182824:G:A	3	1	1	1
ENST00000376759.7	chrX:49050429:T:G	3	1	1	1
ENST00000376958.4	chr13:94560673:G:A	3	1	1	1
ENST00000377012.8	chr6:29851445:C:A	1	1	0	0
ENST00000377648.4	chr1:6281940:C:A	1	1	0	0
ENST00000377803.3	chr6:26560444:A:C	3	1	1	1
ENST00000378191.4	chr1:4705321:G:A	3	1	1	1
ENST00000378509.8	chr7:134310644:G:A	1	1	0	0
ENST00000378823.7	chr5:132866101:G:A	1	1	0	0
ENST00000379472.3	chr11:17682687:C:T	3	1	1	1
ENST00000379542.9	chr6:10338215:G:A	1	1	0	0
ENST00000379607.9	chrX:19832670:A:C	1	1	0	0
ENST00000380191.8	chr10:5300087:CTCTTGGGCTGT:C	1	1	0	0
ENST00000380617.7	chr13:30691349:G:A	1	1	0	0
ENST00000380629.6	chr8:26004462:G:A	1	1	0	0
ENST00000380649.7	chr2:26476258:C:G	1	1	0	0
ENST00000380821.7	chr9:15085756:G:A	3	1	1	1
ENST00000380842.4	chr13:28612025:C:T	1	1	0	0
ENST00000380861.8	chrX:9873344:A:T	3	1	1	1
ENST00000381106.4	chrX:3787427:T:TATCA	3	1	1	1
ENST00000381280.4	chr14:69488534:A:C	3	1	1	1
ENST00000381348.4	chr22:41579528:T:C	1	1	0	0
ENST00000383847.6	chr3:184398566:ACCC:A	3	1	1	1
ENST00000388901.9	chr15:48955484:T:G	3	1	1	1
ENST00000388962.4	chr12:108585459:G:C	3	1	1	1
ENST00000389912.6	chr14:69994850:G:C	1	1	0	0
ENST00000391971.6	chr2:241061758:G:A	3	1	1	1
ENST00000392438.7	chr3:193396518:AT:A	3	1	1	1
ENST00000392552.6	chr2:174020526:A:G	3	1	1	1
ENST00000393051.5	chr11:111925204:A:G	1	1	0	0
ENST00000393085.3	chr7:136387532:T:C	1	1	0	0
ENST00000393430.6	chr16:75519422:A:G	3	1	1	1
ENST00000393436.9	chr12:68493366:G:A	1	1	0	0
ENST00000393909.6	chr2:75628337:T:C	3	1	1	1
ENST00000394181.6	chr3:98942426:A:T	1	1	0	0
ENST00000394485.4	chr16:56953002:A:G	3	1	1	1
ENST00000394701.4	chr4:105904686:AT:A	3	1	1	1
ENST00000395422.3	chr7:55946885:CA:C	3	1	1	1
ENST00000395719.7	chr4:75748123:C:G	1	1	0	0
ENST00000396680.2	chr22:39487731:G:C	3	1	1	1
ENST00000398000.6	chrX:45320517:A:G	3	1	1	1
ENST00000398153.6	chr6:125106675:G:A	3	1	1	1
ENST00000398540.7	chr3:68678797:C:A	1	1	0	0
ENST00000398868.7	chr11:63773813:A:G	1	1	0	0
ENST00000399017.6	chr21:37010023:A:G	3	1	1	1
ENST00000399054.6	chr20:10379036:G:A	3	1	1	1
ENST00000399075.6	chr4:119396749:G:A	3	1	1	1
ENST00000399273.5	chr17:16870088:A:G	1	1	0	0
ENST00000399775.2	chr9:34703830:A:T	3	1	1	1
ENST00000400000.6	chr18:10134561:G:C	1	1	0	0
ENST00000400098.6	chr15:24562000:C:T	3	1	1	1
ENST00000401722.7	chr12:98523010:G:A	1	1	0	0
ENST00000402744.8	chr4:165380688:A:G	1	1	0	0
ENST00000405240.5	chr2:54948408:C:A	1	1	0	0
ENST00000405975.6	chr2:43132136:G:C	1	1	0	0
ENST00000407627.6	chr19:8262020:G:A	2	1	0	1
ENST00000409304.5	chr2:224158288:G:T	1	1	0	0
ENST00000409359.6	chr2:130908607:T:C	3	1	1	1
ENST00000409647.1	chr2:100598947:GTATAATC:G	3	1	1	1
ENST00000409682.7	chr2:160960369:C:T	1	1	0	0
ENST00000412661.3	chr5:135846955:G:A	3	1	1	1
ENST00000413244.1	chr22:27406044:T:A	1	1	0	0
ENST00000415215.1	chrX:74034512:T:C	3	1	1	1
ENST00000416247.3	chr6:11574141:C:G	1	1	0	0
ENST00000417578.5	chr20:37921112:G:A	3	1	1	1
ENST00000417647.6	chr5:141141829:A:C	1	1	0	0
ENST00000419065.6	chr6:2864913:G:C	3	1	1	1
ENST00000419639.1	chr7:30857124:T:A	3	1	1	1
ENST00000420823.5	chr3:137319:T:A	3	1	1	1
ENST00000420918.3	chr2:61574142:T:A	3	1	1	1
ENST00000421202.5	chr1:93561304:A:G	3	1	1	1
ENST00000422285.6	chrX:19321243:G:A	3	1	1	1
ENST00000422956.6	chr2:113364613:T:C	3	1	1	1
ENST00000423456.5	chr14:100563544:A:G	3	1	1	1
ENST00000424491.5	chr2:99279908:A:G	1	1	0	0
ENST00000425675.6	chr19:55872988:A:T	1	1	0	0
ENST00000427358.3	chr16:1764018:G:C	1	1	0	0
ENST00000427482.6	chr15:83533704:T:G	1	1	0	0
ENST00000428956.6	chr6:32238466:C:T	3	1	1	1
ENST00000430157.6	chr19:18257006:T:A	1	1	0	0
ENST00000432682.5	chr3:35231070:A:G	3	1	1	1
ENST00000432910.5	chr20:60036245:C:G	3	1	1	1
ENST00000435260.1	chr8:56142139:G:T	3	1	1	1
ENST00000435319.8	chr1:180263495:GTGC:G	3	1	1	1
ENST00000435680.5	chr15:31435340:C:T	3	1	1	1
ENST00000437551.5	chr2:113364613:T:C	3	1	1	1
ENST00000438290.2	chr13:94657452:G:A	3	1	1	1
ENST00000438378.2	chr2:131501801:A:G	1	1	0	0
ENST00000438607.2	chr3:48365972:C:T	1	1	0	0
ENST00000438934.5	chr22:19171502:C:T	3	1	1	1
ENST00000439602.6	chr6:32805079:A:C	3	1	1	1
ENST00000444482.1	chrX:73884240:G:T	3	1	1	1
ENST00000444500.2	chr7:27860977:C:A	1	1	0	0
ENST00000444558.5	chr17:16870088:A:G	3	1	1	1
ENST00000445369.2	chr16:2700209:G:C	1	1	0	0
ENST00000445613.1	chr2:172410022:A:G	3	1	1	1
ENST00000446006.1	chr7:64875075:A:C	3	1	1	1
ENST00000447467.6	chr7:95841972:C:G	3	1	1	1
ENST00000450062.1	chr7:55778345:CT:C	3	1	1	1
ENST00000451601.1	chr10:380226:G:C	3	1	1	1
ENST00000452400.6	chr8:69991515:T:A	1	1	0	0
ENST00000453082.5	chr15:24870050:T:C	1	1	0	0
ENST00000453558.1	chr6:30367982:GA:G	1	1	0	0
ENST00000455308.6	chr18:14929292:T:C	3	1	1	1
ENST00000456586.5	chr2:216548945:A:G	3	1	1	1
ENST00000457750.1	chr3:195578085:T:C	3	1	1	1
ENST00000458178.2	chr22:21739303:G:A	3	1	1	1
ENST00000458198.2	chr5:133911770:T:G	1	1	0	0
ENST00000458385.6	chr4:184999089:G:A	1	1	0	0
ENST00000460726.2	chr7:102215622:G:A	3	1	1	1
ENST00000461133.7	chr3:33158832:G:A	1	1	0	0
ENST00000463284.2	chr7:22896344:T:C	3	1	1	1
ENST00000465829.5	chr7:102317574:C:T	3	1	1	1
ENST00000465868.5	chr2:132042144:A:C	1	1	0	0
ENST00000466192.5	chr20:62737020:T:A	3	1	1	1
ENST00000466270.5	chr10:124795986:G:A	3	1	1	1
ENST00000468582.5	chr7:99768096:A:G	3	1	1	1
ENST00000472413.5	chr16:14504883:T:TAAA	3	1	1	1
ENST00000472484.5	chrX:103754107:C:T	1	1	0	0
ENST00000472570.2	chr17:16475606:T:C	3	1	1	1
ENST00000473565.5	chr2:200749168:G:C	3	1	1	1
ENST00000474024.5	chr20:17989604:A:G	1	1	0	0
ENST00000476034.5	chr4:802734:G:C	1	1	0	0
ENST00000480067.1	chr3:170346103:C:T	3	1	1	1
ENST00000480356.1	chr1:94337476:A:G	3	1	1	1
ENST00000485497.2	chr6:75449730:CA:C	1	1	0	0
ENST00000489711.5	chr3:121599243:G:A	1	1	0	0
ENST00000490809.1	chr9:113169412:A:G	3	1	1	1
ENST00000493504.1	chr19:58508085:G:T	3	1	1	1
ENST00000494050.5	chr3:101940395:A:G	1	1	0	0
ENST00000494062.2	chr13:36727503:C:T	1	1	0	0
ENST00000495595.1	chr2:36702263:G:A	3	1	1	1
ENST00000496455.6	chr3:156184074:C:T	3	1	1	1
ENST00000496811.5	chr3:154253813:T:C	3	1	1	1
ENST00000499418.2	chr8:124055545:C:T	3	1	1	1
ENST00000502346.1	chr5:82557428:A:G	1	1	0	0
ENST00000503362.1	chr4:176570404:G:A	3	1	1	1
ENST00000504143.6	chr5:108676391:G:A	3	1	1	1
ENST00000504986.5	chr4:41805720:A:G	3	1	1	1
ENST00000506636.1	chr4:121720535:A:G	3	1	1	1
ENST00000506982.1	chr4:144232140:A:G	3	1	1	1
ENST00000507528.5	chr5:197272:G:A	1	1	0	0
ENST00000507679.1	chr6:167523099:C:A	1	1	0	0
ENST00000507736.1	chr5:88759944:A:G	1	1	0	0
ENST00000508613.5	chr4:113601757:G:A	3	1	1	1
ENST00000512211.6	chr5:113156204:G:T	1	1	0	0
ENST00000513356.1	chr5:74685837:G:A	3	1	1	1
ENST00000515467.2	chr5:1255507:T:C	3	1	1	1
ENST00000515591.1	chr4:55163413:T:C	3	1	1	1
ENST00000517309.5	chr8:96031467:CTTTG:C	3	1	1	1
ENST00000521789.5	chr17:41875821:G:C	1	1	0	0
ENST00000521939.5	chr5:168360375:A:G	1	1	0	0
ENST00000523711.5	chr8:1964968:C:T	3	1	1	1
ENST00000526520.5	chr16:14838320:T:G	3	1	1	1
ENST00000527673.1	chr11:119158103:C:G	1	1	0	0
ENST00000527958.5	chr11:117584954:A:G	1	1	0	0
ENST00000528896.6	chr17:28477395:C:T	1	1	0	0
ENST00000529945.2	chr1:148521342:G:A	3	1	1	1
ENST00000530391.1	chr11:122797461:G:C	3	1	1	1
ENST00000536315.6	chr14:91153435:G:A	1	1	0	0
ENST00000536620.1	chr16:22932208:C:T	3	1	1	1
ENST00000537664.5	chr6:170126987:C:T	3	1	1	1
ENST00000541047.5	chr2:80097903:G:T	1	1	0	0
ENST00000545479.5	chr16:14727442:TC:T	3	1	1	1
ENST00000548670.1	chr12:81148436:T:C	3	1	1	1
ENST00000554455.5	chr14:21521570:CAG:C	1	1	0	0
ENST00000554798.2	chr15:97556568:C:T	3	1	1	1
ENST00000554937.1	chr12:54990524:A:G	3	1	1	1
ENST00000555054.1	chr14:93773592:C:T	1	1	0	0
ENST00000555379.1	chr14:20815623:T:C	1	1	0	0
ENST00000555523.5	chr14:93891355:C:T	3	1	1	1
ENST00000558815.5	chr19:55880153:G:A	3	1	1	1
ENST00000560346.5	chr15:39892329:C:G	1	1	0	0
ENST00000561373.1	chr15:101629212:T:G	3	1	1	1
ENST00000561775.5	chr15:66650476:C:T	3	1	1	1
ENST00000562038.1	chr2:215769074:A:C	1	1	0	0
ENST00000562354.2	chr16:31353654:C:T	3	1	1	1
ENST00000562493.1	chr19:28194556:C:T	3	1	1	1
ENST00000566423.5	chr15:52716894:A:C	1	1	0	0
ENST00000568394.1	chr16:687793:G:A	3	1	1	1
ENST00000568588.5	chr15:66635903:T:C	1	1	0	0
ENST00000568633.1	chr16:89091700:A:G	3	1	1	1
ENST00000569046.1	chr15:71198420:G:A	3	1	1	1
ENST00000571025.5	chr16:3164963:A:G	3	1	1	1
ENST00000571689.1	chr17:5664572:C:G	3	1	1	1
ENST00000572179.5	chr17:3512352:A:G	1	1	0	0
ENST00000572339.5	chr17:81465403:G:A	3	1	1	1
ENST00000573722.1	chr17:4253762:A:G	3	1	1	1
ENST00000581794.5	chr7:30796263:A:G	1	1	0	0
ENST00000582270.5	chr17:58158107:T:A	1	1	0	0
ENST00000584259.6	chr18:494442:T:TA	1	1	0	0
ENST00000588282.5	chr17:78531150:A:T	1	1	0	0
ENST00000588802.5	chr19:45359191:A:G	3	1	1	1
ENST00000589985.5	chr19:34806647:T:TACTC	1	1	0	0
ENST00000590268.1	chr19:54618016:A:G	1	1	0	0
ENST00000590996.5	chr17:43381766:C:T	3	1	1	1
ENST00000591945.1	chr17:41474291:A:T	3	1	1	1
ENST00000592152.1	chr17:78598958:G:A	3	1	1	1
ENST00000593495.2	chr1:148427258:C:T	3	1	1	1
ENST00000595264.5	chr19:7646335:T:C	3	1	1	1
ENST00000598410.5	chr19:56886526:C:A	1	1	0	0
ENST00000601207.5	chr19:50775737:A:G	3	1	1	1
ENST00000602585.2	chr15:100547844:G:A	1	1	0	0
ENST00000602676.6	chr19:2439329:T:C	1	1	0	0
ENST00000602840.5	chr8:73894570:A:AC	3	1	1	1
ENST00000604262.5	chr14:22446034:TG:T	1	1	0	0
ENST00000606162.5	chr10:80737522:A:G	3	1	1	1
ENST00000607350.1	chr6:1528900:T:C	3	1	1	1
ENST00000608933.5	chr4:88392830:A:G	3	1	1	1
ENST00000609270.1	chr2:131658451:C:G	3	1	1	1
ENST00000609630.1	chr22:18988309:G:A	3	1	1	1
ENST00000610387.4	chr22:18000622:A:G	3	1	1	1
ENST00000610426.4	chr5:74685837:G:A	3	1	1	1
ENST00000610511.4	chr18:50320884:C:G	3	1	1	1
ENST00000611189.1	chr16:89154771:G:A	3	1	1	1
ENST00000615840.4	chr13:28555294:G:A	3	1	1	1
ENST00000617053.2	chr19:46504263:C:T	3	1	1	1
ENST00000618091.4	chr19:45665409:A:G	3	1	1	1
ENST00000620879.4	chr7:74908067:G:T	3	1	1	1
ENST00000621499.1	chr15:26697490:G:C	3	1	1	1
ENST00000622602.1	chr12:11034470:A:C	1	1	0	0
ENST00000623250.1	chr2:216207673:G:C	3	1	1	1
ENST00000624499.1	chr6:160753626:G:A	3	1	1	1
ENST00000624624.1	chr11:75070079:T:C	1	1	0	0
ENST00000625157.1	chr22:35511833:T:C	1	1	0	0
ENST00000626826.1	chr12:102403418:A:G	3	1	1	1
ENST00000626866.2	chr13:30797846:C:T	3	1	1	1
ENST00000629089.1	chr9:129117592:G:A	3	1	1	1
ENST00000631594.2	chr8:140103642:A:G	1	1	0	0
ENST00000635671.1	chr2:56232292:C:T	3	1	1	1
