variant_id	gene_id	slope	statistic	p-value	fdr	BF	TESTS
chr14:20285418:AAC:A	ENSG00000136319.11	0.299174	12.8259056945845	0.000282114	0.153655669125	0.266879844	946
chr14:20263590:G:A	ENSG00000258768.2	-0.476311	-17.2501117677222	8.50668e-08	0.000124197528	7.45185168e-05	876
chr14:20058080:T:C	ENSG00000100814.17	0.448704	8.12057841728395	0.00417794	0.964026812307692	1	972
chr14:20101685:G:GAT	ENSG00000129484.13	-0.44595	-7.44887665326351	0.0001162	0.3743964	0.11620000000000001	1000
chr14:20847290:T:C	ENSG00000129566.12	-0.366462	-10.5555335134586	0.000180351	0.205419789	0.189909603	1053
chr14:20037216:A:T	ENSG00000185271.7	-0.626469	-12.5554396405104	0.0001326	0.1845248824	0.1402908	1058
chr14:20007247:C:T	ENSG00000092094.10	0.972518	8.66621724802253	0.000228955	0.569146035555556	0.24383707500000001	1065
chr14:20646584:T:C	ENSG00000100823.11	-0.257879	-10.1944377708263	0.00141061	0.99763014567974	1	1065
chr14:20485294:A:T	ENSG00000165782.10	0.385257	8.79171353813074	0.000909932	0.998566825028969	0.970897444	1067
chr14:20582762:T:C	ENSG00000198805.11	-0.276348	-9.54291358641356	0.00135226	0.590265067647059	1	1081
chr14:20428097:A:G	ENSG00000214274.9	0.385648	10.9934630505551	0.00112045	0.9919659735987	1	1212
chr14:20275110:T:C	ENSG00000259144.2	0.446548	14.6613533994764	0.00202625	0.928891157287157	1	1187
chr14:21033583:A:G	ENSG00000169413.2	0.451471	9.40656627275543	0.00028314	0.8649927	0.31994819999999996	1130
chr14:21161478:C:T	ENSG00000258810.1	-0.522742	-14.2200239140505	6.76192e-05	0.2065090368	0.0765449344	1132
chr14:20548451:GT:G	ENSG00000129538.13	-0.329226	-6.10285744428516	0.00302581	0.991932529350829	1	1136
chr14:21182136:G:A	ENSG00000169385.2	-0.465049	-9.16723607762871	0.000882142	0.609480589565218	0.8980205560000001	1018
chr14:20793396:C:G	ENSG00000165792.17	0.465125	10.3304124542914	0.000148983	0.345039304615385	0.145109442	974
chr14:20727808:G:C	ENSG00000165794.9	0.571017	12.8460668437791	0.000656705	0.766262368666667	0.62649657	954
chr14:21141259:T:A	ENSG00000165795.22	-0.437534	-7.91146181362505	0.000253415	0.73186252	0.24885353	982
chr14:20604545:G:A	ENSG00000179636.14	-0.450982	-11.9904659201687	0.00226111	0.749307673271889	1	977
chr14:20836761:T:C	ENSG00000165801.9	0.305166	8.6235086827645	0.000372026	0.192675493	0.364213454	979
chr14:21000796:T:C	ENSG00000165804.15	0.222268	10.2829599031693	0.00292195	0.901722203056769	1	953
chr14:21290800:C:T	ENSG00000232070.8	0.721498	11.614759112935	0.000960291	0.779833911956522	0.9334028520000001	972
chr14:20963217:G:A	ENSG00000258441.1	0.259493	12.428550486188	0.000277623	0.3787124	0.247639716	892
chr14:21520749:G:T	ENSG00000092199.17	-0.23183	-9.23941650786836	0.000471571	0.27588408	0.402250063	853
chr14:21299777:G:A	ENSG00000092200.12	0.756363	7.99236111854925	0.00127014	0.78644601	1	833
chr14:21533328:T:C	ENSG00000092201.9	-0.163848	-8.47640132462493	0.00469426	0.990245666182874	1	780
chr14:21472989:C:T	ENSG00000100888.12	-0.559925	-7.55561535681923	0.00120159	0.854647107142857	0.96848154	806
chr14:21481668:C:A	ENSG00000274475.1	0.967076	9.23758226565543	0.000958912	0.889472866666667	0.766170688	799
chr14:21239369:A:G	ENSG00000129472.12	-0.411553	-9.01924778086965	0.000640459	0.12119164137931	0.498917561	779
chr14:21132950:C:T	ENSG00000092203.13	0.227576	7.32198674637473	0.0035497	0.76573695859375	1	778
chr14:21086909:A:G	ENSG00000165819.11	-0.428528	-10.4699934757543	0.000453851	0.265569283076923	0.34946527	770
chr14:21107448:A:T	ENSG00000165821.11	0.263469	10.1158828487025	0.000284329	0.331311136	0.21580571099999998	759
chr14:21987954:A:T	ENSG00000277734.6	0.576108	8.02350675784494	0.00208417	0.971235935098207	1	791
chr14:22703080:A:G	ENSG00000211829.8	-0.380799	-11.5186604285847	0.000867499	0.998330251306295	0.6766492199999999	780
chr14:22306809:A:G	ENSG00000129562.10	-0.207793	-8.06928686636037	0.000939401	0.998109290472053	0.7590360079999999	808
chr14:22321683:A:C	ENSG00000275552.1	-0.620366	-11.2564780619445	0.00127489	0.883606367647059	1	811
chr14:22143696:C:G	ENSG00000100439.10	0.287046	9.32995933468306	0.000133824	0.465573696	0.108531264	811
chr14:22610494:T:C	ENSG00000258458.5	-0.413408	-11.7058749265379	0.000393006	0.519865815	0.328946022	837
chr14:22704920:G:A	ENSG00000155463.12	-0.293622	-5.2583396994409	0.0058906	0.996648184636583	1	837
chr14:22603289:G:T	ENSG00000155465.18	0.255092	12.1648383859094	6.87353e-05	0.17443768	0.05354479870000001	779
chr14:22802126:C:T	ENSG00000172590.18	-0.537701	-7.89487433747756	0.000707856	0.776017	0.551419824	779
chr14:22495897:A:C	ENSG00000157227.12	0.273302	7.96411556138593	0.00211188	0.995730691230656	1	776
chr14:22635669:C:A	ENSG00000197324.8	0.311388	8.29327772831008	0.00012884	0.1885921245	0.10332968	802
chr14:23364965:TGGA:T	ENSG00000139890.9	-0.450089	-9.98638071471591	0.00113714	0.59177553125	0.9301805200000001	818
chr14:23335450:G:A	ENSG00000100461.17	-0.325899	-10.5836666501122	0.00223879	0.921615697247707	1	818
chr14:22788007:C:A	ENSG00000100462.15	-0.190784	-9.16654014360326	0.00340047	0.920851231657048	1	813
chr14:23069924:C:T	ENSG00000257285.5	0.496095	10.6100044846396	0.00292216	0.998210513089005	1	813
chr14:22836454:G:T	ENSG00000092036.17	0.37438	11.1925804814857	0.000638235	0.994251628010374	0.529096815	829
chr14:23387172:A:C	ENSG00000129474.15	-0.642671	-9.2386850480407	0.000212419	0.346329016666667	0.17057245699999998	803
chr14:22950152:C:A	ENSG00000258457.5	0.643412	9.01574046829137	0.000549664	0.576928047407407	0.44138019199999995	803
chr14:22719110:A:T	ENSG00000100802.14	-0.552366	-7.29159311806283	0.00275555	0.760434313432836	1	772
chr14:23022120:G:A	ENSG00000280129.1	-0.484542	-12.8630963973947	0.000445486	0.7428563	0.346588108	778
chr14:22603117:G:T	ENSG00000100804.18	0.2683	5.13108605982584	0.00182674	0.945142743523316	1	786
chr14:23039703:G:C	ENSG00000279656.1	-0.43303	-10.9493327702439	0.00192222	0.993960860730594	1	790
chr14:22818814:G:A	ENSG00000139880.19	0.503247	6.90765082999358	0.00155192	0.738088756218906	1	748
chr14:22604702:T:C	ENSG00000100813.14	0.230208	8.50040716729652	0.000349109	0.244740340625	0.254151352	728
chr14:22681811:C:G	ENSG00000179933.5	-0.160981	-8.49928676566939	0.00423941	0.984816189163498	1	728
chr14:22788980:T:G	ENSG00000283654.1	0.640206	9.99846905149351	0.000664863	0.993887884971353	0.477371634	718
chr14:23135450:T:C	ENSG00000092068.19	-0.194016	-9.84419887075743	0.00198911	0.844334489189189	1	718
chr14:22802431:C:A	ENSG00000215271.7	-0.367639	-8.83783738604448	0.00235868	0.890512417536534	1	684
chr14:23689524:C:T	ENSG00000235194.8	-0.439552	-7.05387160317969	0.000798131	0.231568637142857	0.541132818	678
chr14:23119654:T:A	ENSG00000129473.9	0.266502	11.7786572117354	0.000299423	0.4574813725	0.20450590899999999	683
chr14:23519517:G:A	ENSG00000258643.5	-0.965612	-8.54390081732174	0.0011125	0.3916425625	0.7565	680
chr14:23400597:A:G	ENSG00000100836.10	0.534143	7.95930998044173	0.00284584	0.987215478465153	1	677
chr14:23087797:C:A	ENSG00000092096.15	0.351228	6.96309189625314	0.00122278	0.906405106235566	0.7752425199999999	634
chr14:23237716:G:C	ENSG00000100842.12	-0.233403	-5.64364201990047	0.00200989	0.694771312676056	1	638
chr14:23039767:G:T	ENSG00000166091.19	0.183192	6.83678204020058	0.00443156	0.985143207235142	1	637
chr14:23236961:C:T	ENSG00000092054.12	0.245155	10.7450364284695	0.00481623	0.995924409749671	1	645
chr14:23279828:C:T	ENSG00000129460.15	-0.471894	-8.55236449901256	0.000317426	0.358298257777778	0.20918373399999998	659
chr14:23126214:A:G	ENSG00000157306.14	0.613134	7.68011485641251	0.000249155	0.3544917775	0.168677935	677
chr14:23203160:C:T	ENSG00000136367.13	-0.176833	-8.29647113103506	0.00170099	0.470440335483871	1	667
chr14:23387687:A:G	ENSG00000273618.1	-0.279632	-11.2145436140543	0.0035294	0.7461568	1	674
chr14:23279828:C:T	ENSG00000259431.5	-0.698292	-11.2424786087477	2.77403e-05	0.03294160625	0.0185027801	667
chr14:23693058:C:A	ENSG00000213983.11	-0.288458	-9.0863490509491	9.03445e-05	0.10710340475	0.059808059	662
chr14:23932912:T:C	ENSG00000258727.1	-0.31193	-11.6098148482757	0.000283055	0.457770945	0.18851463	666
chr14:23138657:T:A	ENSG00000092051.16	-0.152028	-4.72920020235687	0.00618124	0.924904582978724	1	669
chr14:23342258:T:C	ENSG00000274002.1	0.543811	12.7157523866237	0.000643903	0.310240298507463	0.43785404	680
chr14:23781153:AT:A	ENSG00000100867.14	0.348899	11.0378350919028	0.00264837	0.958875297549592	1	654
chr14:24469802:C:T	ENSG00000215256.3	-0.504545	-9.08748946874289	0.00177599	0.880237609292503	1	599
chr14:24339755:T:G	ENSG00000157326.18	0.620506	9.84638387280267	0.000910677	0.137042487857143	0.536388753	589
chr14:23726448:C:T	ENSG00000187630.15	0.668976	14.3517846214119	4.90482e-05	0.1138899204	0.0286441488	584
chr14:23647521:A:G	ENSG00000225766.8	-0.971149	-10.020602094134	0.000512323	0.58969721175	0.30380753899999996	593
chr14:23845495:T:C	ENSG00000186648.14	-0.292255	-7.53047559778563	0.002194	0.762687785882353	1	583
chr14:24264261:C:T	ENSG00000100884.9	-0.257912	-4.88426674594762	0.00259917	0.947243419607843	1	579
chr14:24438653:C:T	ENSG00000129535.12	0.479552	13.866748413241	0.00131418	0.671641241299304	0.7582818600000001	577
chr14:24100525:T:G	ENSG00000100889.11	-0.355876	-12.0304793120529	0.00110193	0.928488166666667	0.6391194	580
chr14:23987904:T:G	ENSG00000100897.17	-0.254401	-11.4820255668018	0.000143794	0.201067972	0.08296913800000001	577
chr14:24404925:A:T	ENSG00000092010.14	0.419485	7.71054488325547	0.000288449	0.678414945038168	0.167877318	582
chr14:24125004:C:T	ENSG00000100908.13	0.30335	12.4475156772693	0.00076674	0.407024726190476	0.44777616000000003	584
chr14:24368462:G:C	ENSG00000259321.1	1.08608	14.018220510116	6.0603e-06	0.017150649	0.0035392152	584
chr14:23724696:C:T	ENSG00000100911.14	0.531091	9.31217703413379	0.000402819	0.333496365535714	0.230009649	571
chr14:24118430:G:A	ENSG00000092098.16	0.238093	8.32724047076345	0.00393787	0.817312885925926	1	576
chr14:24245058:C:T	ENSG00000259529.1	-0.388701	-14.0420639851072	0.00251135	0.52212492	1	557
chr14:23955942:C:T	ENSG00000213928.8	0.685991	8.23750582212647	0.000581792	0.421169187833333	0.329876064	567
chr14:23977394:T:C	ENSG00000100918.12	0.363411	8.3396869144161	0.00195841	0.81599909704142	1	572
chr14:23858581:G:A	ENSG00000196497.15	0.700143	9.14775923523539	0.00232804	0.940887510971787	1	558
chr14:24074599:G:C	ENSG00000100926.14	0.379626	6.56800933786272	0.0261278	0.997887	1	557
chr14:23964389:A:G	ENSG00000276698.1	-0.923255	-12.972675668747	2.52919e-05	0.0514280454285714	0.013910545	550
chr14:24158774:T:C	ENSG00000278784.1	-0.507185	-10.0631233661015	0.0021288	0.999279092518101	1	556
chr14:24479109:A:G	ENSG00000139908.14	-0.584314	-9.52306100104976	0.00275308	0.994415971174226	1	559
chr14:23790043:C:A	ENSG00000254505.9	-0.687171	-9.83859510179301	0.000654982	0.057825274137931	0.367444902	561
chr14:24620723:A:G	ENSG00000260669.2	0.456303	9.65728307648242	0.00690938	0.543918358333333	1	559
chr14:24265439:G:A	ENSG00000129559.12	-0.254975	-7.75883738625949	9.21842e-05	0.0394095064	0.0519918888	564
chr14:23824910:T:C	ENSG00000100938.17	-0.316187	-7.98338060127193	0.000344799	0.13697698275	0.194466636	564
chr14:24630774:C:A	ENSG00000092330.15	-0.269922	-9.6624292636993	0.00109742	0.32533339	0.6255294	570
chr14:24117624:C:T	ENSG00000092295.11	-0.516695	-7.85632668228908	0.00248535	0.673561207619048	1	546
chr14:23981916:T:C	ENSG00000100949.14	-0.396389	-6.8159639434881	0.00153253	0.68899815	0.81530596	532
chr14:24400306:T:C	ENSG00000157379.13	0.559486	13.4298114013325	0.000152006	0.212062816	0.082691264	544
chr14:24342051:T:C	ENSG00000196943.12	-0.422334	-8.11248617293781	0.000827735	0.597928112727273	0.45028784	544
chr14:24468273:G:A	ENSG00000136305.11	0.624076	9.82741343975287	0.000155008	0.140992257454545	0.084634368	546
chr14:24774076:A:G	ENSG00000213906.9	-0.366945	-9.94463302285858	0.00539694	0.589444080147059	1	546
chr14:24414033:A:G	ENSG00000213903.8	0.501721	9.41439279792385	0.0015503	0.911253512228261	0.8464638	546
chr14:24178696:C:T	ENSG00000129467.13	-0.549212	-11.6353247304132	3.82932e-05	0.0997920792	0.021061260000000002	550
chr14:24256689:A:G	ENSG00000129465.15	-0.623128	-10.1246161371103	0.000250501	0.400236164130435	0.13802605099999998	551
chr14:24826694:T:C	ENSG00000100968.13	0.422825	8.25909663663878	0.00203961	0.2919873140625	1	559
chr14:24428742:G:T	ENSG00000205978.5	0.367096	6.74107063200171	0.00237362	0.795602406779661	1	553
chr14:24501930:C:T	ENSG00000139899.10	-0.697561	-8.8418570977612	0.000959194	0.61865694	0.533311864	556
chr14:24017479:G:C	ENSG00000100441.9	0.245533	7.87635481160003	0.00316949	0.723137382	1	555
chr14:24905530:A:G	ENSG00000100445.17	0.448051	8.96469995047589	0.000852867	0.716477167058824	0.473341185	555
chr14:24605633:G:A	ENSG00000258744.1	0.455312	14.1117000926958	0.000806284	0.528997234090909	0.445068768	552
chr14:25270440:G:A	ENSG00000168952.15	-0.218994	-9.15080179146649	0.00208272	0.585443689473684	1	492
chr14:26591978:TAGAC:T	ENSG00000139910.19	-0.16135	-7.24002229710413	0.0108993	0.993315124390244	1	445
chr14:27031825:C:T	ENSG00000262119.1	0.324717	8.57873243002256	0.00130167	0.48703149804878	0.58054482	446
chr14:26123247:C:G	ENSG00000257842.5	-0.449487	-12.989782148097	0.00203605	0.988205186119874	0.9101143500000001	447
chr14:27074575:C:T	ENSG00000257185.1	0.435038	9.92017073829421	0.00489316	0.708806754782609	1	420
chr14:27865607:AT:A	ENSG00000258548.5	0.364298	12.2799585118424	0.00268779	0.787623990123457	1	421
chr14:28115209:A:T	ENSG00000197358.9	0.545592	9.5735589283578	0.00551573	0.997606615384615	1	422
chr14:28651895:A:C	ENSG00000257126.5	0.4357	12.9986347448954	0.000318543	0.19657248	0.10511919	330
chr14:29211125:G:A	ENSG00000176165.10	0.287195	10.1366669529972	0.000576817	0.683585487	0.19554096299999998	339
chr14:28353325:A:G	ENSG00000186960.10	-0.395254	-6.88327060466555	0.00182596	0.652963975	0.5861331599999999	321
chr14:28733104:G:A	ENSG00000257056.2	-0.526563	-12.8748442337842	0.00176597	0.503980408163265	0.57217428	324
chr14:28584996:CTGAT:C	ENSG00000274762.1	-0.406801	-8.89943325524057	0.00449545	0.453506281428571	1	313
chr14:29445897:T:C	ENSG00000257522.5	-0.191306	-8.03028337842305	0.0128537	0.999514	1	338
chr14:29000120:AC:A	ENSG00000258107.1	0.648874	8.24991123173525	0.00217313	0.2623398545	0.7388642000000001	340
chr14:29764192:C:T	ENSG00000184304.14	0.461569	9.85242688748152	0.00342246	0.662897512727273	1	430
chr14:30548255:C:T	ENSG00000092140.14	0.300172	8.65053609243163	0.000156588	0.293445912	0.075632004	483
chr14:30868660:C:T	ENSG00000092108.20	-0.150529	-8.07405517554428	0.0101519	0.992950617270195	1	450
chr14:30557116:G:C	ENSG00000100473.15	0.378312	14.3804142630179	8.92478e-05	0.1553804198	0.0346281464	388
chr14:30892104:CTATT:C	ENSG00000258525.1	-0.394764	-9.0128165674795	0.0086661	0.860891231372549	1	379
chr14:30867279:T:C	ENSG00000196792.11	0.446363	5.85702788262777	0.000900298	0.1536312421875	0.32770847200000003	364
chr14:30719626:G:A	ENSG00000100478.14	0.230864	8.51625993980495	0.00465328	0.731501213855422	1	366
chr14:31240720:G:A	ENSG00000092148.12	-0.239312	-6.87462824270871	0.00232999	0.999781	0.85510633	367
chr14:31165395:T:A	ENSG00000258640.3	-1.01425	-9.43128002668803	0.000336773	0.302538022727273	0.124269237	369
chr14:30949118:G:C	ENSG00000129493.14	0.303883	7.30294138422164	0.00202983	0.408049793103448	0.6657842399999999	328
chr14:31258122:G:A	ENSG00000283016.1	-0.359945	-12.0873559417432	0.011238	0.667409828850856	1	319
chr14:31481285:C:T	ENSG00000203546.7	0.45045	11.3368854948969	0.00750111	0.956073289834175	1	371
chr14:31509999:C:T	ENSG00000129480.12	-0.301958	-9.24311610656006	0.000471867	0.33072927	0.175062657	371
chr14:31391066:AT:A	ENSG00000151413.16	-0.464527	-8.70383065632757	0.000133693	0.307761286	0.052273963	391
chr14:32291471:A:G	ENSG00000258474.1	-0.722579	-10.0003550893795	0.00166267	0.382276608	0.83299767	501
chr14:32379019:A:G	ENSG00000258655.2	-0.381259	-9.64902107923312	0.00132198	0.999961	0.7627824599999999	577
chr14:32573924:G:A	ENSG00000100852.12	-0.407013	-8.74615898118619	0.000124719	0.308804244	0.071713425	575
chr14:31801401:C:T	ENSG00000259086.3	-0.624466	-8.75579456157685	0.00292354	0.996133	1	704
chr14:32481173:T:G	ENSG00000151320.10	0.172667	10.4071272793898	9.62615e-05	0.2417126265	0.07315874	760
chr14:32800506:C:T	ENSG00000278746.1	-0.59806	-14.9615473471676	9.98719e-05	0.260665659	0.075902644	760
chr14:33354336:A:G	ENSG00000151322.18	-0.211355	-10.4173016100544	0.000848472	0.893114208333333	0.8068968719999999	951
chr14:34026188:A:C	ENSG00000129521.13	0.289107	6.90713455848992	0.00454401	0.999063352589641	1	760
chr14:34204968:C:T	ENSG00000165389.6	-0.541303	-7.65429897093481	0.000248593	0.3784289265	0.18893068000000002	760
chr14:34073071:A:C	ENSG00000129518.8	0.247166	11.2416389149737	0.0004941	0.37078429	0.326106	660
chr14:34379746:G:A	ENSG00000129515.18	-0.304869	-8.67540568777873	0.00013674	0.205768593	0.07985616	584
chr14:34682878:A:G	ENSG00000240463.1	-0.592297	-9.40183455011082	0.0027411	0.287949830952381	1	647
chr14:34341213:C:A	ENSG00000165410.14	-0.346192	-6.34390186831946	0.00132967	0.155441599148936	0.7313185	550
chr14:34479372:T:G	ENSG00000198604.10	-0.248312	-8.07471081117323	0.00275111	0.746358718072289	1	445
chr14:35338541:G:A	ENSG00000258738.1	0.630126	6.79275098503568	0.00356321	0.764992291588785	1	449
chr14:34506277:T:A	ENSG00000258704.6	0.620843	8.70853401156894	0.00198414	0.999328822923816	0.95437134	481
chr14:34486324:C:T	ENSG00000100883.11	-0.319764	-9.46534902269446	4.28471e-05	0.0280029137910448	0.020566608	480
chr14:35401248:C:T	ENSG00000151327.12	-0.198659	-7.59532894385366	0.00394969	0.969996654500207	1	463
chr14:34724185:A:C	ENSG00000092020.10	0.492528	7.75923602272557	0.000154841	0.425967591	0.069523609	449
chr14:35404564:G:A	ENSG00000279434.1	0.316964	7.15234091325052	0.0258078	0.999185	1	457
chr14:35334311:C:T	ENSG00000100890.15	0.462983	9.42489218627776	0.00108139	0.676052511111111	0.48986967	453
chr14:34865122:C:T	ENSG00000282308.1	-0.672883	-11.7995390297156	0.000295746	0.319392864509804	0.117411162	397
chr14:34835209:G:A	ENSG00000240392.1	-1.00719	-9.47764709000953	0.00094377	0.198609931707317	0.34353228	364
chr14:35379307:A:G	ENSG00000100902.10	-0.28402	-10.601703680027	0.00224852	0.988841434165232	0.8094671999999999	360
chr14:35033571:A:C	ENSG00000100906.10	-0.214056	-7.57801860514364	0.020354	0.891093311320755	1	339
chr14:34940495:A:T	ENSG00000259022.2	-0.59121	-16.6814546213148	8.60213e-05	0.02144152	0.0290751994	338
chr14:35199164:T:A	ENSG00000259017.1	0.452416	10.9262587602684	0.00158742	0.498426745384615	0.5397228	340
chr14:35951476:C:G	ENSG00000258783.1	0.475069	10.1603391937452	0.000428395	0.197180121818182	0.154650595	361
chr14:35169547:C:T	ENSG00000168348.3	0.246241	8.43826585121477	0.016117	0.830003848341232	1	370
chr14:35371051:T:C	ENSG00000174373.16	0.284295	8.35753694402146	0.00279164	0.903341346190935	1	401
chr14:35951340:AT:A	ENSG00000258938.1	-0.521378	-10.7224925811198	0.00102183	0.376568956521739	0.39749187	389
chr14:35559991:T:C	ENSG00000100916.13	-0.236827	-5.24565377661451	0.00969424	0.997553235168359	1	389
chr14:36199273:A:G	ENSG00000257272.1	0.82268	7.99548731593662	0.000618803	0.28666048975	0.220912671	357
chr14:35523672:C:T	ENSG00000257307.1	-0.568998	-10.1524800808889	0.00138153	0.445154846176471	0.48906162	354
chr14:35404564:G:A	ENSG00000258342.1	0.273905	7.9856253247931	0.0013564	0.99836720056338	0.4394736	324
chr14:36034736:C:T	ENSG00000257585.1	-0.20921	-8.99272006912695	0.00468626	0.99823165210356	1	311
chr14:36406804:G:C	ENSG00000258844.1	0.219121	8.79914496151224	0.0016837	0.677902671875	0.6364386	378
chr14:36679015:T:TAA	ENSG00000151332.18	0.325579	13.7557240762253	0.000364559	0.21536322925	0.152750221	419
chr14:36601009:T:C	ENSG00000283098.1	-0.552178	-9.81232426642879	0.00572307	0.998154376545842	1	419
chr14:36711617:A:T	ENSG00000183032.11	0.558451	8.35280810173268	0.00721812	0.86625984067086	1	360
chr14:36757328:C:T	ENSG00000258708.1	-0.540742	-9.20945276102746	0.00131943	0.1842366704	0.47499479999999994	360
chr14:37572690:G:T	ENSG00000151338.18	0.245256	9.29996392780914	0.00275382	0.596812306666667	0.963837	350
chr14:38006505:A:G	ENSG00000139865.16	-0.299263	-6.30351578523089	0.0194481	0.852572615	1	265
chr14:38397341:A:C	ENSG00000258696.1	-0.653882	-8.4788437486524	0.00335589	0.801700204193254	1	400
chr14:38308148:C:T	ENSG00000259048.1	0.358087	12.5236743940395	0.00122829	0.319743687777778	0.51956667	423
chr14:37871736:A:C	ENSG00000139874.5	0.234579	10.9111671309668	0.00173955	0.218971773333333	0.7445274000000001	428
chr14:38110595:T:C	ENSG00000176435.6	-0.599537	-10.3037785636979	5.15357e-05	0.0629155177142857	0.021644994	420
chr14:38492606:A:T	ENSG00000259070.5	0.185891	5.55666284218681	0.0199903	0.841221744418784	1	371
chr14:39211953:C:T	ENSG00000100934.14	-0.201861	-5.96877789762511	0.00373202	0.751427946686747	1	352
chr14:39128584:C:T	ENSG00000258651.1	-0.568064	-9.88673500753637	0.00769631	0.40109295421875	1	349
chr14:38711276:A:G	ENSG00000258591.2	-0.678788	-7.05208245064064	0.0247409	0.999083	1	351
chr14:39038863:G:T	ENSG00000092208.16	-0.205175	-8.81206268471289	0.00770903	0.997204227685325	1	354
chr14:39521256:T:C	ENSG00000182400.14	-0.159833	-8.63188671772455	0.00485446	0.906495779500431	1	351
chr14:38944589:C:A	ENSG00000100941.8	-0.180128	-7.62864815856628	0.00814477	0.959934253434066	1	349
chr14:39617507:G:T	ENSG00000270503.1	1.01358	9.89842249819612	0.000476885	0.625923570526316	0.163571555	343
chr14:38874878:G:A	ENSG00000150527.16	-0.389043	-9.39153733457065	0.000356375	0.129064286	0.125800375	353
chr14:39726400:G:A	ENSG00000258940.2	0.364292	7.30363385129469	0.0111401	0.998917763683432	1	350
chr14:39923219:C:A	ENSG00000165355.7	0.355532	6.76749132985787	0.00512261	0.8816115	1	360
chr14:39211953:C:T	ENSG00000258526.5	-0.511893	-10.0223359379705	0.00128244	0.792814446	0.46039596	359
chr14:39952532:C:T	ENSG00000258418.1	-0.720861	-6.58816615603497	0.0134741	0.997436545173093	1	345
chr14:40698033:G:GA	ENSG00000258480.1	-0.634428	-11.1572420927646	0.000592595	0.438275899065421	0.20385268	344
chr14:41139511:CT:C	ENSG00000258636.1	0.301675	7.170150196983	0.0199042	0.99666900374376	1	298
chr14:41973146:T:C	ENSG00000165379.13	0.178369	9.95531120300769	0.000988247	0.719318926350245	0.295485853	299
chr14:41781327:G:A	ENSG00000258536.1	0.350439	8.12275787696813	0.0072934	0.978055124481328	1	310
chr14:44171900:G:A	ENSG00000259126.1	0.518583	7.17498105615979	0.00566088	0.978157233065442	1	441
chr14:44367335:T:C	ENSG00000189139.5	-0.338819	-12.394031722912	0.000767313	0.992565530097087	0.30385594800000004	396
chr14:45013504:A:G	ENSG00000258998.1	-0.472685	-6.81199616727233	0.00744202	0.937985114701131	1	296
chr14:44715831:T:C	ENSG00000179476.7	-0.353972	-11.0520469239662	0.0020476	0.373395195180723	0.5241856	256
chr14:44583283:G:A	ENSG00000179454.13	0.262089	7.41375450394483	0.00285575	0.452155932042254	0.56258275	197
chr14:44588437:C:A	ENSG00000198718.12	-0.3482	-6.63959315021119	0.00289463	0.980605620936281	0.62234545	215
chr14:44718756:T:C	ENSG00000185246.17	0.332946	6.04147886079646	0.0077589	0.807988608374384	1	194
chr14:44715546:C:T	ENSG00000100442.10	0.167938	7.06720720717407	0.00887514	0.978190267352185	1	175
chr14:45264703:G:GT	ENSG00000187790.10	0.334975	5.16006297315141	0.0171761	0.978007341333333	1	174
chr14:45675939:G:A	ENSG00000129534.13	-0.38466	-11.4248008890239	0.000217067	0.0763931364705882	0.035164853999999995	162
chr14:45625182:C:T	ENSG00000258608.1	-0.443682	-7.64161385278305	0.0154887	0.999811583333333	1	161
chr14:45714498:C:G	ENSG00000258700.5	-0.384717	-11.1309052356372	0.00276484	0.648145698360656	0.84051136	304
chr14:47764333:C:T	ENSG00000139915.18	-0.194776	-6.47053526522421	0.0029547	0.740039320454546	1	449
chr14:47313886:G:A	ENSG00000244053.1	0.83603	10.3459645400372	0.000316326	0.447443127	0.12083653200000001	382
chr14:47726042:T:C	ENSG00000214903.4	-0.531738	-8.14296572533139	0.00139141	0.928477865555556	0.58578361	421
chr14:50070286:C:T	ENSG00000213741.8	0.303618	7.08470757625409	0.00114407	0.553491077777778	0.46563649	407
chr14:49353053:A:G	ENSG00000165501.16	-0.476529	-7.26363243767822	0.0061486	0.952014715846995	1	407
chr14:50065779:G:A	ENSG00000165502.6	-0.314492	-9.27078916391115	0.00135568	0.57758466	0.5354936	395
chr14:49942188:T:G	ENSG00000168282.5	-0.215395	-8.74207075147164	0.0036408	0.785088601626016	1	395
chr14:49684373:G:A	ENSG00000258377.1	0.7038	11.7468778055313	0.000667182	0.242774144848485	0.264871254	397
chr14:49982681:C:T	ENSG00000165506.14	0.298107	9.3942460020868	0.00508706	0.999287190735695	1	398
chr14:49990314:C:T	ENSG00000258450.1	0.609954	14.9441167994427	0.000209216	0.216819771428571	0.082849536	396
chr14:49684490:T:G	ENSG00000100479.12	0.503223	10.4077826795076	0.000857395	0.351371083783784	0.34295800000000004	400
chr14:49922460:G:A	ENSG00000259155.2	0.626659	9.60722422069953	0.00175266	0.587010237333333	0.6923007	395
chr14:49676761:A:G	ENSG00000197776.7	0.239933	9.65821147333666	0.000613584	0.434822957	0.244820016	399
chr14:49750229:C:A	ENSG00000165516.10	0.244808	7.2693798172374	0.000705055	0.440267460869565	0.289777605	411
chr14:50105770:G:A	ENSG00000165525.17	0.457292	8.71898396324844	0.000369022	0.242726282333333	0.145025646	393
chr14:49952090:C:T	ENSG00000278771.1	-0.31816	-7.2034409414951	0.0190848	0.999203665154265	1	395
chr14:49999684:T:A	ENSG00000282885.1	0.535292	9.42336354580874	0.00475359	0.829730047138047	1	390
chr14:49848661:C:T	ENSG00000274012.1	-0.404334	-7.8976722322261	0.0050824	0.995663542588235	1	394
chr14:50028831:G:A	ENSG00000278002.1	0.444925	14.2949509402573	0.00264261	0.49140036	1	391
chr14:50053884:C:T	ENSG00000165527.6	-0.427778	-6.52827816552572	0.00184053	0.774519136363636	0.736212	400
chr14:50048222:TAA:T	ENSG00000214900.9	0.297102	9.0479054573286	0.00819841	0.961584458333333	1	377
chr14:50372167:G:A	ENSG00000100483.13	0.298224	11.1114677593956	0.00050027	0.162507338727273	0.19210368	384
chr14:50365953:C:A	ENSG00000100485.11	-0.452106	-6.28786671290022	0.00230715	0.999542779114533	0.94362435	409
chr14:50153985:CTGTTT:C	ENSG00000087299.11	0.266975	8.30903068165033	0.0044291	0.544950161538462	1	452
chr14:50730067:C:CTG	ENSG00000125375.14	-0.328676	-7.12980862158759	0.00306625	0.62631782601626	1	451
chr14:50058344:T:C	ENSG00000259071.1	0.526007	19.1372536910241	6.19367e-06	0.01318632343	0.00280573251	453
chr14:50028025:A:G	ENSG00000100490.9	0.422679	9.04542361089836	0.00244599	0.870754953703704	1	519
chr14:50845931:CT:C	ENSG00000012983.11	0.222045	7.75373581404129	0.0033027	0.999332	1	514
chr14:51020286:C:T	ENSG00000198513.11	-0.165976	-8.35211530957099	0.00143267	0.772064890728477	0.7593151	530
chr14:50225952:AAAAC:A	ENSG00000151748.14	0.211068	7.41569274956084	0.00578525	0.862261899705015	1	552
chr14:50904134:C:G	ENSG00000269906.1	0.508516	6.90933156951148	0.00306763	0.999732451954397	1	558
chr14:50969576:GCCA:G	ENSG00000100503.23	0.239087	9.44793142497607	0.00153829	0.660955842391304	0.8768253	570
chr14:50844695:G:T	ENSG00000270062.1	0.371596	11.5373528402242	0.00229618	0.266466221904762	1	526
chr14:51026944:T:A	ENSG00000100504.16	-0.328107	-14.7065400629208	5.94407e-05	0.1565668038	0.036199386300000004	609
chr14:50960549:C:T	ENSG00000131969.14	-0.651683	-10.1074489150277	0.000281106	0.709230438	0.16500922199999998	587
chr14:50751175:C:T	ENSG00000258711.2	-0.410798	-9.87500313480603	0.00749394	0.991939117647059	1	621
chr14:51014783:C:A	ENSG00000100505.13	0.400928	6.89062949548994	8.07462e-05	0.197171068666667	0.056764578600000004	703
chr14:51361503:T:A	ENSG00000139921.12	0.260131	8.69326151511428	0.000534175	0.654410722302158	0.4081097	764
chr14:50875758:T:G	ENSG00000258479.5	0.500001	15.4019970654057	0.000593869	0.964561605947955	0.464405558	782
chr14:51852127:A:G	ENSG00000139926.15	-0.435955	-10.7784140833816	0.00122179	0.935840274603174	0.92611682	758
chr14:51287303:A:G	ENSG00000277050.1	0.754432	7.95516417400438	0.00316272	0.993511170581858	1	733
chr14:51852127:A:G	ENSG00000273888.1	-0.625917	-14.6406869127456	3.52681e-05	0.1053105466	0.026027857800000002	738
chr14:52044411:AG:A	ENSG00000186469.8	-0.177812	-10.0299914881015	0.000307798	0.228940378378378	0.23669666200000003	769
chr14:51651238:A:C	ENSG00000087302.8	-0.211881	-6.41720274754374	0.00214251	0.991375045572242	1	712
chr14:51831322:G:A	ENSG00000087303.17	0.243713	8.772489242326	0.00235648	0.99224347826087	1	657
chr14:52219347:T:G	ENSG00000168229.3	0.462507	9.71166956964452	0.00189674	0.989390106853353	0.98820154	521
chr14:52664728:G:T	ENSG00000125384.6	0.479005	10.0754894810773	0.00364323	0.864925149805448	1	507
chr14:52567551:A:C	ENSG00000087301.8	-0.276394	-7.43503274252768	0.000631822	0.142761763764706	0.276106214	437
chr14:52130638:G:T	ENSG00000180998.11	-0.188636	-8.15845015721939	0.00228412	0.637087830188679	1	440
chr14:52318873:G:A	ENSG00000197930.12	-0.381445	-6.76220751870043	0.00051444	0.11117	0.18571284000000002	361
chr14:53052223:TTA:T	ENSG00000100519.11	-0.229129	-5.31848610693429	0.000928588	0.713876441414142	0.339863208	366
chr14:52821592:G:A	ENSG00000198252.11	0.248457	9.9255438486396	0.000574667	0.602825683	0.20515611899999997	357
chr14:52622903:G:T	ENSG00000100522.8	0.491814	7.55211855633493	0.00148143	0.593202621951219	0.49183476	332
chr14:52414341:G:A	ENSG00000259049.1	-0.697516	-8.85070699198419	0.00123724	0.53209185	0.43179675999999995	349
chr14:53396547:T:C	ENSG00000073712.14	0.328822	7.1642890784785	0.000757329	0.514998366666667	0.267337137	353
chr14:53641972:A:G	ENSG00000100523.14	0.269663	9.36445382425252	0.000300844	0.17766969	0.12424857199999999	413
chr14:53614775:C:A	ENSG00000258731.1	-0.374497	-12.7963235801144	0.00666677	0.664459890598291	1	413
chr14:52701639:G:T	ENSG00000237356.5	-0.811673	-10.0305226991404	0.000640823	0.566975264210526	0.263378253	411
chr14:53505790:C:A	ENSG00000125378.15	0.560794	9.10028806674372	0.000107556	0.026042352	0.045603744	424
chr14:53902581:G:A	ENSG00000100526.19	0.424645	10.9659335591757	0.00182464	0.490782192352941	0.8575808	470
chr14:54679181:T:C	ENSG00000100528.11	-0.181435	-6.17480278310088	0.0087173	0.831008025	1	449
chr14:54946151:T:C	ENSG00000197045.12	-0.168543	-9.60724424160188	0.000565345	0.0809383076923077	0.22953007	406
chr14:54075697:G:A	ENSG00000100532.11	-0.405095	-9.03025419675888	0.000577155	0.139457004642857	0.23432493	406
chr14:54553756:A:G	ENSG00000020577.13	0.317759	8.49245179330488	0.00712028	0.83662998185118	1	419
chr14:54607495:G:A	ENSG00000131979.18	-0.521563	-7.69290136160663	0.00280449	0.706810344827586	1	369
chr14:54624787:TG:T	ENSG00000258872.2	0.594936	11.6246733616129	0.000445387	0.597255372333333	0.16479319	370
chr14:54602306:A:G	ENSG00000198554.11	0.336087	9.18997897586531	0.00104166	0.291936694964029	0.42187230000000003	405
chr14:54741828:C:T	ENSG00000233924.1	0.616218	8.95492971838934	0.00919068	0.88887895256917	1	400
chr14:54637590:C:T	ENSG00000180008.8	0.408793	6.72513300765354	0.00182855	0.998552959310675	0.7405627499999999	405
chr14:54762896:G:C	ENSG00000168175.14	0.204899	8.66057664444973	0.00405967	0.904478960526316	1	415
chr14:54758881:A:G	ENSG00000131981.15	0.396649	6.98007460787635	0.00324136	0.931412660421546	1	387
chr14:54755757:T:C	ENSG00000279392.1	0.350454	11.3903122048299	0.0199511	0.99768268190128	1	321
chr14:55438513:C:G	ENSG00000178974.9	0.120784	7.02711460342508	0.0103363	0.999247	1	305
chr14:55374067:C:T	ENSG00000278818.1	-0.59671	-8.49691777426801	0.000990357	0.670334813245033	0.302058885	305
chr14:55439459:C:T	ENSG00000258469.1	0.353993	6.23937955042019	0.0144323	0.998930402118839	1	307
chr14:55831284:C:T	ENSG00000126775.8	0.300311	9.03214347596887	0.00204242	0.490983080454545	0.7230166800000001	354
chr14:55754519:A:T	ENSG00000259318.1	0.428663	10.2166984075032	0.00277966	0.41283595372549	0.95342338	343
chr14:55467422:CT:C	ENSG00000186615.10	-0.450457	-12.0373177224037	0.00117697	0.54551422	0.51904377	441
chr14:55954362:C:T	ENSG00000126777.17	0.170825	6.89056691554058	0.00573599	0.9073145	1	432
chr14:56066272:A:G	ENSG00000177350.6	-0.982647	-9.24150740574511	0.00024906	0.454417077777778	0.11656008	468
chr14:56057329:A:G	ENSG00000259868.2	-0.818913	-7.51161043692459	0.00614709	0.700696377240842	1	546
chr14:56077942:C:T	ENSG00000277763.1	0.498862	14.7811638829341	0.000646055	0.2282919504	0.39215538499999997	607
chr14:56468438:A:G	ENSG00000139946.9	0.326199	10.7492506869068	0.000880818	0.156484089113924	0.534656526	607
chr14:56418107:A:T	ENSG00000275569.1	0.593675	9.47958243392573	0.00214276	0.866934782352941	1	659
chr14:56252691:G:C	ENSG00000259719.5	-0.769063	-10.4160696494928	0.00126275	0.714156521739131	0.8308895	658
chr14:56362623:G:C	ENSG00000070269.13	-0.352882	-6.37950795870796	0.00690379	0.999520634920635	1	630
chr14:56491610:G:A	ENSG00000258803.1	0.233946	10.1847504184359	0.00419314	0.807406040358744	1	650
chr14:56547351:G:GT	ENSG00000165588.16	0.252824	9.6211804303674	0.00141552	0.632783945776567	0.9130104	645
chr14:57015823:C:G	ENSG00000248550.3	-0.324674	-8.6075113868058	0.00109394	0.788763870967742	0.70340342	643
chr14:56419968:A:C	ENSG00000258776.1	0.33235	8.18132346546364	0.000506315	0.57922436	0.30277637	598
chr14:56774830:G:C	ENSG00000070367.15	-0.329424	-5.94317119028546	0.00105496	0.989170326687812	0.50427088	478
chr14:57355925:C:T	ENSG00000053770.11	-0.453682	-7.11939881190659	0.000223838	0.173812207916667	0.106994564	478
chr14:57777647:G:C	ENSG00000139977.13	0.224177	5.0439610279284	0.00447433	0.998784172855314	1	444
chr14:58010352:G:T	ENSG00000151812.14	-0.627188	-9.10269074099362	0.000568412	0.554140599333333	0.252374928	444
chr14:57086122:TGAA:T	ENSG00000259039.1	0.438941	11.2488250448176	0.00604106	0.9727137	1	478
chr14:57713099:C:T	ENSG00000259969.1	0.39056	6.81991672409055	0.000890335	0.542076	0.39352807	442
chr14:57952870:TA:T	ENSG00000139971.15	-0.668069	-9.1845280011476	5.60606e-05	0.05598014915	0.026348482000000003	470
chr14:58674147:T:C	ENSG00000131966.13	-0.148744	-8.57958722381393	0.00075398	0.615789519327731	0.32119548000000003	426
chr14:58674147:T:C	ENSG00000100567.12	-0.184849	-9.09342267304284	0.00228919	0.975780154696132	1	447
chr14:57960280:G:GC	ENSG00000258682.1	0.444975	10.6770607186979	0.00471795	0.997280123142251	1	461
chr14:58322121:A:G	ENSG00000257621.7	-0.228876	-8.63455373458952	0.00144172	0.418909354864865	0.6776084	470
chr14:58332400:A:G	ENSG00000032219.18	0.213669	8.08750307183	0.00483495	0.782374207777778	1	470
chr14:58888169:A:C	ENSG00000100575.13	-0.482893	-9.30009970586236	0.000145179	0.061037856	0.068814846	474
chr14:57941858:C:T	ENSG00000100578.14	0.446445	7.97772030710091	0.000874431	0.999357248868778	0.41273143199999995	472
chr14:58803524:A:G	ENSG00000258900.1	-0.731544	-8.16715823758515	0.00179812	0.584996597142857	0.80735588	449
chr14:58749515:T:C	ENSG00000239510.2	-0.485003	-15.3659336825541	0.000592669	0.75704462464455	0.26077436	440
chr14:58140288:G:A	ENSG00000165617.14	-0.278184	-9.88082586715926	0.00280822	0.999915466513762	1	470
chr14:59048006:A:G	ENSG00000213598.4	0.346573	10.2168852863543	0.00530185	0.993356214917826	1	523
chr14:58974433:C:A	ENSG00000100592.15	-0.452184	-6.91701171198483	0.0015873	0.919776888888889	0.8476182	534
chr14:58976429:GA:G	ENSG00000181619.11	-0.344063	-6.51256715297683	0.00438428	0.995204362159968	1	408
chr14:59024614:A:C	ENSG00000126790.11	-0.328343	-10.3383764704869	0.00459948	0.99808653634895	1	373
chr14:58987270:G:T	ENSG00000050130.17	-0.227293	-8.7932887096842	0.000176088	0.2042311965	0.065680824	373
chr14:59428326:T:C	ENSG00000151838.11	0.398459	7.59921063996351	0.00425433	0.995833543859649	1	329
chr14:59789039:T:C	ENSG00000139970.16	0.201684	4.62674974881669	0.00570789	0.945500920201294	1	217
chr14:59612723:G:A	ENSG00000131951.10	-0.190528	-7.46624289058213	0.0175569	0.848226347727273	1	208
chr14:59628178:A:G	ENSG00000258553.5	-0.47418	-9.25638429682741	0.0115941	0.985529152466368	1	168
chr14:60344486:A:G	ENSG00000126773.12	-0.277728	-9.20224434857483	0.00167066	0.314762426229508	0.28234154	169
chr14:59763657:T:C	ENSG00000100612.13	0.138368	7.13870449291978	0.0225851	0.997939411764706	1	159
chr14:59833576:C:G	ENSG00000100614.17	0.131188	5.4244023466241	0.0174244	0.804720399698341	1	152
chr14:60323110:A:G	ENSG00000258427.3	0.544164	9.27602103930837	0.00865142	0.811429477142857	1	152
chr14:61070215:C:T	ENSG00000100625.8	-0.328077	-4.87704841593851	0.0309567	0.994007947895792	1	219
chr14:61009398:A:T	ENSG00000020426.10	0.432041	8.17071295426793	0.000493937	0.397555754545455	0.108172203	219
chr14:60447607:G:A	ENSG00000258445.3	0.657756	8.44598975748723	0.00205777	0.970010483965015	0.52473135	255
chr14:61325380:G:A	ENSG00000126814.6	0.182812	7.64385718457492	0.0206275	0.999544	1	351
chr14:61242427:T:C	ENSG00000139974.15	0.368147	10.5196836950874	0.000129287	0.0302974708571429	0.045250450000000005	350
chr14:61560654:T:C	ENSG00000027075.13	0.486655	6.81041230346756	0.00159778	0.999129	0.6806542800000001	426
chr14:61125268:T:C	ENSG00000182107.6	-0.386633	-8.68367392343269	0.00647651	0.999543	1	454
chr14:61560654:T:C	ENSG00000247287.2	0.605643	7.37544491373113	0.00291287	0.999471719789842	1	456
chr14:61201223:T:C	ENSG00000258926.1	0.376398	10.7369315281745	0.00614461	0.973518483018868	1	574
chr14:61211276:G:A	ENSG00000258777.1	-0.472304	-15.4723403989781	0.000587957	0.601957451875	0.343366888	584
chr14:61502111:C:T	ENSG00000100644.16	0.561266	8.09783345886987	0.000132988	0.181149917	0.078063956	587
chr14:61612645:G:A	ENSG00000258667.1	-0.395229	-8.3379093732562	0.00637987	0.908154852713178	1	567
chr14:61827050:C:T	ENSG00000023608.4	0.873247	13.4087773684998	1.5183e-07	0.00032233509	8.669493e-05	571
chr14:62256518:C:T	ENSG00000279633.1	-0.37632	-12.8128379556888	0.00225838	0.997731655330882	1	572
chr14:61753793:G:C	ENSG00000139973.16	0.231607	6.37685715821984	0.000896144	0.513497286	0.5152828	575
chr14:61987676:C:T	ENSG00000186369.10	0.197607	9.92873848941459	0.00117788	0.991685543258674	0.60307456	512
chr14:63565017:A:C	ENSG00000140015.19	-0.364259	-9.17626943298454	0.000359585	0.2943529	0.1797925	500
chr14:62994160:CTACAT:C	ENSG00000126785.12	0.416453	11.0176960260091	0.000171021	0.2035076205	0.07610434499999999	445
chr14:63844265:G:A	ENSG00000154001.13	0.213323	5.48108929757031	0.00218739	0.431413995294118	0.76996128	352
chr14:63932922:A:T	ENSG00000261242.1	-0.489087	-15.5640022618236	0.000522685	0.3451092	0.18398511999999997	352
chr14:63760828:T:A	ENSG00000270878.1	0.701728	9.9859691908633	0.000424108	0.882568748	0.144620828	341
chr14:63869912:C:G	ENSG00000140006.11	0.411972	5.75579950876091	0.00138963	0.915846874647887	0.49470828	356
chr14:64097847:G:A	ENSG00000258645.2	0.599031	7.85445580146188	0.0036588	0.711399840707965	1	354
chr14:63633036:G:T	ENSG00000274015.1	0.625736	7.79508424893777	0.00117948	0.840431255813953	0.42107436	357
chr14:64216966:TC:T	ENSG00000126821.7	-0.382354	-5.68172073851447	0.00297388	0.907650004371585	0.9813803999999999	330
chr14:63934537:T:A	ENSG00000054654.15	-0.184105	-9.05797249684513	0.00773264	0.620256228063241	1	297
chr14:64365680:G:A	ENSG00000140009.18	0.623686	12.3590794583568	1.5171e-05	0.031768074	0.006038058	398
chr14:64775859:C:T	ENSG00000214770.2	-0.477187	-9.44389397233825	0.00449029	0.83272251908397	1	401
chr14:64814106:C:T	ENSG00000234911.1	-0.386525	-12.3603668261107	0.0010649	0.699240836666667	0.43660899999999997	410
chr14:64591952:G:T	ENSG00000258809.1	-0.935198	-8.99223595165686	0.000868371	0.452233668333333	0.35950559400000004	414
chr14:64710167:G:A	ENSG00000100714.15	-0.28769	-10.2636947373106	0.000433313	0.889591589	0.180691521	417
chr14:64446393:G:A	ENSG00000258824.2	-0.483828	-9.92211502121897	0.00102394	0.4820822	0.40138448000000004	392
chr14:64233327:T:C	ENSG00000272909.1	0.661003	7.62364360986774	0.00182729	0.424027198823529	0.71081581	389
chr14:64749402:C:T	ENSG00000089775.11	-0.376576	-8.67221381406758	0.000444694	0.877825956	0.185437398	417
chr14:64942378:C:T	ENSG00000179841.8	-0.248581	-4.57000426966281	0.00460447	0.992342804199773	1	409
chr14:64722333:C:A	ENSG00000126804.13	0.333839	6.99100201713318	0.00448377	0.901723778656127	1	416
chr14:64444909:T:C	ENSG00000126803.9	-0.153369	-4.16703895235512	0.0271725	0.997920643995749	1	417
chr14:64125250:C:T	ENSG00000165807.7	-0.273111	-7.53041749591163	0.0103915	0.948491851719198	1	420
chr14:64974009:C:T	ENSG00000259010.1	-0.648668	-10.5274390063486	0.00219472	0.80349013877551	0.9086140799999999	414
chr14:64768027:C:T	ENSG00000126822.16	-0.216001	-4.92747117613302	0.00809515	0.997135362701909	1	456
chr14:64768527:C:T	ENSG00000070182.18	0.269501	9.49616291796334	0.0003728	0.293630694545455	0.1830448	491
chr14:64837829:GACCTCTGGATC:G	ENSG00000258289.8	0.477214	7.05003476616331	0.00790438	0.997440185051778	1	493
chr14:64807532:T:C	ENSG00000139998.14	0.202634	9.92052124324662	0.000634758	0.68781999	0.293258196	462
chr14:65055696:T:C	ENSG00000257365.7	-0.542419	-6.6457060768303	0.00152508	0.998451004103967	0.70458696	462
chr14:64693328:T:C	ENSG00000272158.1	0.39899	13.9344700231463	0.00301036	0.935309143893591	1	465
chr14:65423885:T:C	ENSG00000125952.18	0.361264	12.3732186360211	0.000223207	0.0442228695652174	0.103121634	462
chr14:64879336:A:G	ENSG00000255002.1	0.918683	8.76030868092977	0.0012868	0.909663344055944	0.5584712000000001	434
chr14:65205229:G:A	ENSG00000033170.16	-0.129877	-6.64699092288838	0.0158482	0.855733805970149	1	447
chr14:65879553:G:T	ENSG00000276116.2	-0.734494	-8.72924554785816	0.000879591	0.190838826666667	0.397575132	452
chr14:66013956:G:A	ENSG00000258847.1	0.51876	14.2090807238436	0.000344504	0.258580391428571	0.129533504	376
chr14:65829906:C:T	ENSG00000224861.1	0.719856	7.87792571660193	0.00111189	0.424549178571429	0.41807064	376
chr14:66009686:G:A	ENSG00000258561.1	-0.364937	-10.5795463549493	0.00653412	0.99893817626322	0.89517444	137
chr14:66011646:C:T	ENSG00000171723.15	-0.156676	-5.09357246134371	0.0877042	0.856698557142857	1	141
chr14:66989244:T:A	ENSG00000258796.1	-0.45594	-7.48726415408017	0.0141573	0.757892536842105	1	73
chr14:67601039:G:A	ENSG00000172717.15	0.400748	9.55721492956524	0.00272165	0.412856400862069	0.68313415	251
chr14:66984791:C:T	ENSG00000072415.8	0.377983	5.6317925757986	0.00134169	0.845909382828283	0.35554785	265
chr14:67490409:C:T	ENSG00000100554.11	-0.156932	-5.93022915333784	0.00671688	0.992385909307876	1	284
chr14:67542075:C:G	ENSG00000134001.12	0.325645	6.33392446562606	0.00019532	0.14531808	0.05547088	284
chr14:67490010:G:T	ENSG00000198133.8	0.264214	11.5810298032712	8.16981e-05	0.1451775237	0.0239375433	293
chr14:67869307:G:A	ENSG00000054690.13	0.263912	6.5374102054989	0.000716293	0.6004070625	0.209873849	293
chr14:67607533:A:T	ENSG00000100564.8	0.381096	7.26265127164793	0.00113324	0.0340657370666667	0.33883876	299
chr14:67542150:G:A	ENSG00000259502.1	-0.599729	-9.9590311171978	0.00628387	0.543171110512129	1	299
chr14:67780016:T:C	ENSG00000259648.1	-0.808084	-9.86993283958995	0.000687456	0.040670784	0.208299168	303
chr14:67472448:T:C	ENSG00000081181.7	0.306473	9.33994288244706	0.000966107	0.622937205	0.29079820700000003	301
chr14:67581256:G:A	ENSG00000100568.10	0.380028	6.97811248525218	0.00530677	0.992581017100372	1	294
chr14:67487796:T:A	ENSG00000258626.2	0.719524	8.27711144673633	0.00682313	0.34549716969697	1	298
chr14:67748071:T:C	ENSG00000072042.12	0.224904	9.83798953601355	0.00168278	0.737805727272727	0.49642010000000003	295
chr14:67746696:G:T	ENSG00000139988.9	0.542048	11.2896575699524	7.50442e-05	0.04306574935	0.022213083199999997	296
chr14:67501859:C:T	ENSG00000072121.15	0.286635	5.122775491391	0.0157453	0.904466824454148	1	309
chr14:67575779:A:G	ENSG00000182185.18	0.309011	10.027092808797	0.000611388	0.72289644	0.18953028000000002	310
chr14:68483635:A:G	ENSG00000258477.1	0.653287	9.6796344713436	0.000986678	0.913763333333333	0.519979306	527
chr14:69000306:G:A	ENSG00000259038.1	0.341702	12.2183822390253	0.00245118	0.779841551948052	1	630
chr14:68867839:C:G	ENSG00000185650.9	0.437963	6.31030161969883	0.00239371	0.996814469536962	1	660
chr14:68630179:T:TCAC	ENSG00000258565.1	-0.483214	-12.8651794439693	0.000885191	0.999909	0.620518891	701
chr14:68682061:A:G	ENSG00000072110.13	0.174729	10.2407332881293	0.00019458	0.138895982142857	0.12920112	664
chr14:69029878:T:C	ENSG00000139990.17	-0.525074	-7.24621769801891	0.00133603	0.9687278837622	0.7708893099999999	577
chr14:68887192:C:T	ENSG00000258957.1	0.445488	11.9290230308173	0.00357337	0.872891586888658	1	494
chr14:68864011:C:T	ENSG00000081177.18	0.27883	8.03743149664861	0.0148186	0.991746241225271	1	520
chr14:69727846:C:A	ENSG00000258520.1	0.522679	11.7615113218081	0.00117119	0.953073194714882	0.5621712	480
chr14:68961765:A:G	ENSG00000100626.16	0.288802	5.77604102758256	0.00220876	0.916313969230769	1	480
chr14:69255696:T:A	ENSG00000280073.1	-0.435323	-7.16282730426526	0.00608854	0.947790659153006	1	456
chr14:69309143:A:G	ENSG00000100632.10	0.131074	6.66220875584136	0.0166005	0.989791620952381	1	447
chr14:69866421:G:T	ENSG00000029364.11	0.25042	6.83630561410846	0.00176177	0.987451039342337	0.79103473	449
chr14:69848214:C:T	ENSG00000175985.9	-0.622057	-9.33865367844594	0.000157505	0.180357942	0.071979785	457
chr14:69337772:G:C	ENSG00000267909.2	-0.271663	-10.0413730283248	0.00180806	0.897277360675513	0.83713178	463
chr14:69288056:G:A	ENSG00000100647.7	-0.204744	-7.81788651646092	0.0070791	0.808661123809524	1	483
chr14:69497596:A:T	ENSG00000273797.1	-0.349911	-8.2140038401129	0.0134296	0.968573493716338	1	489
chr14:69305742:G:T	ENSG00000100650.15	-0.337243	-10.0310922386971	0.000213382	0.192431411052632	0.112879078	529
chr14:69609183:G:A	ENSG00000198732.10	-0.266652	-10.149419830193	0.00171889	0.426779275	0.79756496	464
chr14:69848869:T:C	ENSG00000242071.3	0.415852	6.77985171237266	0.0274358	0.988350836015659	1	476
chr14:70194634:A:G	ENSG00000100678.18	0.378454	6.69436713063347	0.0019648	0.311716518205128	1	533
chr14:69851920:A:G	ENSG00000258422.5	-0.557128	-10.5988584624344	0.00161576	0.982422185879537	0.8563527999999999	530
chr14:70044689:C:T	ENSG00000274330.1	0.370097	10.1433208532837	0.0053218	0.999667121535181	1	570
chr14:70612661:A:G	ENSG00000133983.14	-0.323368	-12.4487341761033	0.00386664	0.930092373707533	1	531
chr14:70153529:A:G	ENSG00000213463.4	-0.331575	-12.6955868899068	0.000118667	0.160389950769231	0.066334853	559
chr14:70409226:A:G	ENSG00000257759.2	-0.381914	-10.3593028957076	0.00297032	0.683730054545455	1	456
chr14:70837762:G:A	ENSG00000139985.6	0.366433	13.183666855294	0.00333763	0.963676240635641	1	505
chr14:70721101:G:A	ENSG00000259158.3	0.482591	7.51590694505011	0.000836948	0.996572335509612	0.436049908	521
chr14:70618752:G:A	ENSG00000134007.3	-0.40541	-9.60142530860312	0.000422852	0.42125663972973	0.19620332799999998	464
chr14:70594832:A:G	ENSG00000133997.11	-0.246454	-9.64137304371617	0.00197634	0.997839295806574	0.86761326	439
chr14:70869423:T:C	ENSG00000133985.2	-0.295681	-5.70121158555867	0.00166849	0.511629265333333	0.7191191899999999	431
chr14:71154914:A:G	ENSG00000006432.15	0.34853	5.029443364823	0.000795607	0.997149377579927	0.332563726	418
chr14:71309076:T:C	ENSG00000259153.1	0.300547	9.97393619234501	0.00252941	0.977242616221563	1	417
chr14:70672562:G:T	ENSG00000274818.1	0.406961	14.0140048730725	0.000644741	0.121994034193548	0.263054328	408
chr14:70618752:G:A	ENSG00000100731.15	-0.24312	-6.76689574006225	0.00341274	0.856414926365796	1	408
chr14:71216303:T:C	ENSG00000258517.1	0.263948	10.7580181298662	0.0037951	0.641329294990724	1	272
chr14:70876082:T:G	ENSG00000269945.1	-0.326545	-9.11954690839721	0.000306584	0.244049752553191	0.082164512	268
chr14:71247344:G:A	ENSG00000259146.3	-0.472617	-7.89822660065432	0.0182427	0.96080315052161	1	290
chr14:70850401:C:T	ENSG00000197555.9	-0.203163	-6.90643794501468	0.00426003	0.996166604707302	1	294
chr14:71923972:A:G	ENSG00000242330.3	-0.342048	-13.4719742958646	0.00130766	0.364889197231834	0.38052906	291
chr14:72187261:A:G	ENSG00000182732.16	-0.389292	-10.2449053915893	0.000159357	0.347238903	0.072666792	456
chr14:71913052:A:C	ENSG00000280188.1	0.339785	10.061958339818	0.00161257	0.810182248557692	0.7740336	480
chr14:72923776:T:A	ENSG00000205683.11	0.421888	5.9981121127911	0.000235629	0.546188022	0.127946547	543
chr14:72521859:C:T	ENSG00000119599.16	-0.730273	-9.90482056988532	0.000100754	0.234454558	0.051686802000000004	513
chr14:72893021:A:C	ENSG00000165861.13	0.36975	14.2860847753537	9.6985e-05	0.219089115	0.045291994999999995	467
chr14:73237516:C:A	ENSG00000258813.2	-0.876408	-9.26611689655483	0.000140884	0.271777075	0.062270728	442
chr14:73256907:A:T	ENSG00000119707.13	0.183684	7.94775329573587	0.00206238	0.951657681580476	0.9095095799999999	441
chr14:73240841:G:A	ENSG00000080815.18	0.270796	6.5857111023072	0.0011019	0.528853646	0.4991607	453
chr14:73681539:G:A	ENSG00000100767.15	-0.361904	-9.08385122833316	0.00244921	0.288972853333333	1	415
chr14:73594253:G:A	ENSG00000258944.1	-0.715223	-9.69959499191063	0.000643537	0.82710407	0.261276022	406
chr14:72981216:C:G	ENSG00000133961.19	-0.414351	-6.14602052546537	0.0137759	0.987906594321463	1	382
chr14:73815667:T:C	ENSG00000187105.8	0.286425	11.9594649287411	0.00140971	0.510782039285714	0.55683545	395
chr14:73708073:C:T	ENSG00000170468.7	-0.475562	-13.1244204507106	0.0001507	0.185385612903226	0.0551562	366
chr14:73640745:TA:T	ENSG00000258695.2	0.570272	12.5113218728351	0.000976697	0.916967972002871	0.398492376	408
chr14:73517041:G:C	ENSG00000184227.7	-0.57493	-14.0112257155627	0.00053624	0.9840539755	0.21503224	401
chr14:73566519:C:T	ENSG00000258408.1	0.584709	15.0812753767829	0.000106982	0.259324368	0.042899782	401
chr14:73077904:G:A	ENSG00000119673.14	-0.451453	-13.4602364627101	0.000270017	0.1390766302	0.105576647	391
chr14:73451171:A:C	ENSG00000258524.1	0.749836	8.80596183886299	0.00112403	0.920052799548278	0.43949573000000003	391
chr14:73129200:G:C	ENSG00000279026.1	0.401099	10.6172648191456	0.0051765	0.932536787234042	1	384
chr14:73594538:G:A	ENSG00000177465.4	0.734438	8.23985327925238	0.000762456	0.742949123333333	0.290495736	381
chr14:73636661:G:A	ENSG00000258603.3	-0.770752	-7.69617699504124	0.000533217	0.71896804	0.200489592	376
chr14:73960268:A:G	ENSG00000119661.14	0.375888	6.83501694918965	0.000608353	0.261425273666667	0.23482425799999998	386
chr14:73253295:C:T	ENSG00000176903.4	-0.30929	-4.37516757117125	0.00934641	0.988290800386847	1	399
chr14:73862199:G:T	ENSG00000156030.13	-0.270699	-7.63894177738217	0.00357509	0.6459371015625	1	391
chr14:74006904:T:C	ENSG00000259065.1	0.736712	10.6487284395691	0.000167909	0.171249185142857	0.06481287399999999	386
chr14:73835860:C:T	ENSG00000140043.11	-0.35212	-12.2772712530028	0.00111043	0.34611862278481	0.43639899	393
chr14:73621235:G:C	ENSG00000119725.17	0.356883	13.6468387736251	0.000788696	0.277965759516616	0.328886232	417
chr14:74421807:T:C	ENSG00000258891.1	0.367043	12.9632513487073	0.00177212	0.988271342386831	0.77441644	437
chr14:74228254:C:T	ENSG00000270140.1	-0.450268	-13.4096798917849	0.00118911	0.277072797368421	0.52439751	441
chr14:74034331:A:C	ENSG00000156050.8	-0.353566	-10.9012013921892	0.000427683	0.0995658393670886	0.191601984	448
chr14:74428228:A:C	ENSG00000119723.16	0.370456	6.67121924106854	0.00330934	0.704860977876106	1	448
chr14:73520210:T:C	ENSG00000187097.12	0.33983	10.7160331960972	0.000395789	0.896075251	0.171376637	433
chr14:73825741:TAA:T	ENSG00000119636.15	0.231641	9.70018396957046	0.00307313	0.732457880193237	1	433
chr14:73966438:T:C	ENSG00000119711.12	0.372978	9.6270032992981	0.000179339	0.1616036345	0.07944717700000001	443
chr14:74173434:G:A	ENSG00000205659.10	0.394074	8.2011686377024	0.00432307	0.999532728647014	1	441
chr14:74570095:T:C	ENSG00000239910.3	1.00441	10.1382398946096	0.000795199	0.310881865833333	0.348297162	438
chr14:74569190:G:A	ENSG00000119688.20	-0.477664	-5.94645551898103	0.0039226	0.813130968461538	1	377
chr14:73889800:T:G	ENSG00000258559.2	0.564569	5.26892344163345	0.0226945	0.997802203870968	1	379
chr14:74495572:T:C	ENSG00000183379.8	0.465441	10.1592839777836	0.00476136	0.642228282548476	1	368
chr14:74951714:C:A	ENSG00000270000.1	-0.405996	-11.1411135712296	0.00509924	0.781876092105263	1	371
chr14:74646979:G:T	ENSG00000259005.1	-0.377393	-11.209267933769	0.00447044	0.915243175977654	1	372
chr14:74353783:C:T	ENSG00000119655.9	-0.212175	-8.81615304223732	0.00179734	0.929871469090909	0.67040782	373
chr14:74577590:C:A	ENSG00000165898.13	0.387157	6.12618170576456	0.00780628	0.994803884143348	1	374
chr14:74853756:G:A	ENSG00000119681.11	0.379781	4.96971239905346	0.0154581	0.993031888554217	1	351
chr14:74215359:A:G	ENSG00000119682.16	0.357289	5.8929194807874	0.00684535	0.812513038596491	1	336
chr14:75212939:C:G	ENSG00000119616.11	-0.361004	-7.66525972906366	0.000994754	0.936726386216798	0.334237344	336
chr14:74957583:T:G	ENSG00000119596.17	-0.188537	-9.11670421140432	0.00509224	0.866070665749656	1	332
chr14:75364780:T:C	ENSG00000119689.14	0.365747	6.72569575059553	0.00558276	0.874459855445545	1	419
chr14:75253070:G:C	ENSG00000198208.11	-0.19613	-5.91452814401026	0.00595772	0.980716882807852	1	410
chr14:75416105:G:C	ENSG00000119630.13	0.301973	7.54091349320964	0.00534783	0.943787284615385	1	434
chr14:74575635:A:G	ENSG00000119718.10	-0.482947	-8.69811626753201	0.000667391	0.429428705454545	0.309002033	463
chr14:75364418:G:A	ENSG00000258646.1	-0.401403	-14.3037817713401	0.00215918	0.992810617765043	0.98458608	456
chr14:75004474:TGAGACCAG:T	ENSG00000279594.1	-0.361645	-14.3415973127063	0.000708453	0.328867181132075	0.323054568	456
chr14:74984144:A:T	ENSG00000119684.15	-0.385722	-8.18104733122104	0.000571124	0.320641633333333	0.260432544	456
chr14:75418207:C:T	ENSG00000119640.8	0.329276	8.82954763531916	0.00273015	0.997160557386052	1	478
chr14:75317725:A:C	ENSG00000119703.13	0.268837	8.49445441888481	0.00509967	0.921191954159593	1	460
chr14:75273138:G:A	ENSG00000119638.12	-0.458289	-5.59608701662542	0.00141674	0.642772297916667	0.6587841000000001	465
chr14:75577683:C:G	ENSG00000259138.1	0.472338	11.1696580994927	0.0045648	0.94786369812856	1	465
chr14:75234993:G:C	ENSG00000170348.8	-0.214014	-8.21562613283142	0.000768292	0.31534932	0.36109724	470
chr14:75325175:T:TC	ENSG00000170345.9	0.326408	10.5859892171875	0.000769849	0.153884015263158	0.36182903	470
chr14:75451512:G:A	ENSG00000259687.1	-0.444174	-8.76283626336162	0.00900855	0.999544	1	464
chr14:75914903:A:G	ENSG00000259319.1	0.45687	8.79937614110822	0.000905949	0.500989797	0.420360336	464
chr14:75917798:A:G	ENSG00000140044.12	0.355895	8.43150494463367	0.00204608	0.59914785	0.94938112	464
chr14:75419424:CA:C	ENSG00000119686.9	0.25629	8.4226094052722	0.00389103	0.986743056737589	1	486
chr14:75354974:C:G	ENSG00000242951.1	-0.502343	-13.1668334678666	0.00161603	0.624173777027027	0.8031669100000001	497
chr14:75302478:A:T	ENSG00000119685.19	0.34195	7.57352130191428	0.00282258	0.855707317073171	1	555
chr14:75248785:A:T	ENSG00000133935.6	0.272862	9.94009261413017	0.00150312	0.502082542222222	0.86730024	577
chr14:76381098:A:G	ENSG00000119650.12	-0.393736	-6.95786740799634	0.0106143	0.794519187250996	1	522
chr14:76322406:A:G	ENSG00000119699.7	0.287933	12.9283114682632	0.000508814	0.19023884	0.26203921	515
chr14:76459970:C:CT	ENSG00000258876.1	-0.529247	-12.9226701396597	0.000286747	0.069930424625	0.147961452	516
chr14:76316603:C:T	ENSG00000258578.2	0.905229	9.58804439105528	0.000786926	0.775909036	0.42494003999999996	540
chr14:75816471:G:T	ENSG00000089916.17	0.294442	8.00924833147379	0.000907123	0.331270784745763	0.503453265	555
chr14:76306711:C:T	ENSG00000258454.1	0.879726	10.2081884858203	0.000333951	0.578927617021277	0.20337615899999997	609
chr14:76048996:C:T	ENSG00000280078.1	-0.507689	-15.6149125742887	0.00027778	0.0371507668666667	0.17194582	619
chr14:76316370:A:G	ENSG00000119715.14	-0.452943	-13.2290981323244	0.000302549	0.507594418604651	0.185159988	612
chr14:76335681:C:T	ENSG00000259124.1	0.618615	15.6648898451531	0.000138149	0.11031959225	0.11051920000000001	800
chr14:76867509:A:G	ENSG00000242952.1	0.605737	10.6916749366024	0.00183639	0.4205250375	1	749
chr14:76226500:C:T	ENSG00000258566.2	0.434435	10.3974891966191	0.00619832	0.965126230188679	1	797
chr14:77112714:G:T	ENSG00000258569.1	-0.521397	-10.8125450953056	0.00264204	0.771735195402299	1	804
chr14:76957933:C:T	ENSG00000071246.10	-0.434985	-8.04404861808395	0.000544071	0.62417914212963	0.437977155	805
chr14:76497602:T:C	ENSG00000259081.1	-0.676817	-8.2248375394189	0.00298507	0.99992	1	807
chr14:76532295:C:T	ENSG00000258301.3	0.582178	6.92515963595248	0.00221469	0.99750112437811	1	805
chr14:77012599:G:C	ENSG00000013523.9	-0.390351	-6.6582233370545	0.0033388	0.643055035714286	1	760
chr14:76726688:C:T	ENSG00000119669.4	-0.278107	-8.23859828849317	0.00487115	0.783802112137203	1	678
chr14:77485088:C:G	ENSG00000273729.1	0.479405	8.11923537009437	0.00295753	0.948602004950495	1	678
chr14:76726786:C:G	ENSG00000258819.1	0.739974	9.36135361013603	0.00109201	0.450913039534884	0.72509464	664
chr14:76851759:G:A	ENSG00000198894.7	0.361157	5.68538953982744	0.00258169	0.901112795454545	1	658
chr14:77037301:C:CT	ENSG00000165548.10	0.418064	7.58119862527532	1.63507e-05	0.0452423869	0.0105462015	645
chr14:76796926:C:CCA	ENSG00000177108.5	-0.493287	-6.79123008428847	5.85073e-05	0.134112606521739	0.0373861647	639
chr14:77158805:C:T	ENSG00000269883.1	-0.312109	-6.99323640586087	0.0049609	0.999964	1	636
chr14:76945964:A:T	ENSG00000165553.4	0.351424	9.92263841735452	0.00157679	0.82084467	0.9618419	610
chr14:77591914:C:G	ENSG00000009830.11	-0.292213	-11.0466900168769	0.000366596	0.674637054901961	0.22765611600000002	621
chr14:77169813:T:C	ENSG00000100577.18	0.496371	8.22992864647015	0.000611916	0.785549054666667	0.379999836	621
chr14:77196117:C:T	ENSG00000100580.7	0.248221	8.05744217929095	0.0025396	0.980144746172441	1	592
chr14:77134001:G:T	ENSG00000100583.4	-0.239784	-10.9495839704012	0.00156165	0.986096544561404	0.91981185	589
chr14:77301891:CA:C	ENSG00000165555.9	-0.624637	-7.03406098798111	0.0116693	0.996971262703421	1	586
chr14:77572215:A:T	ENSG00000151445.15	-0.659616	-11.5030601263532	0.000151258	0.250397176956522	0.086519576	572
chr14:77601300:C:T	ENSG00000100591.7	0.279568	7.12545860130463	0.00333456	0.813261895940959	1	571
chr14:77842108:T:C	ENSG00000100596.6	0.251922	6.72908824175507	0.00237275	0.907717242857143	1	588
chr14:77795449:G:A	ENSG00000240233.3	0.757957	7.23046572758379	0.0060937	0.998479429495472	1	545
chr14:77214281:G:A	ENSG00000100601.9	0.478456	14.6740843745951	0.000284902	0.471865114638448	0.167807278	589
chr14:77333436:G:A	ENSG00000239272.1	-0.458076	-15.1892536467032	0.00288145	0.999943970679975	1	592
chr14:77930850:T:C	ENSG00000119705.9	-0.228531	-6.96106598555234	0.00343971	0.906955458515284	1	589
chr14:78173420:G:A	ENSG00000100603.13	0.294362	7.70008443142698	0.00160491	0.997638081177232	0.92121834	574
chr14:77617205:C:T	ENSG00000063761.15	-0.667354	-10.5820315343132	7.10994e-05	0.179640526	0.041948646000000006	590
chr14:78433180:G:A	ENSG00000021645.18	0.279929	5.51386440545513	0.00191004	0.498399314857143	1	546
chr14:78587928:C:G	ENSG00000258829.1	0.364374	6.36224063323453	0.00362817	0.461382285	1	342
chr14:78723630:A:G	ENSG00000258419.1	0.200055	7.05137372183354	0.0111877	0.990321370753323	1	358
chr14:80548376:T:A	ENSG00000211448.11	-0.415989	-6.54109063598351	0.0103397	0.998389920656635	1	404
chr14:81081060:A:C	ENSG00000100629.16	-0.264838	-5.82736800576328	0.0183312	0.998944281118346	1	422
chr14:81145505:T:A	ENSG00000165409.16	0.464442	8.74596872829069	0.00174621	0.77582612625	0.72991578	418
chr14:80806407:A:G	ENSG00000258999.1	0.411304	11.0647260563785	0.00136388	0.294171518032787	0.5728296	420
chr14:81230638:A:G	ENSG00000165417.11	0.303989	7.60575433300117	0.00153894	0.851388512345679	0.6417379799999999	417
chr14:81696419:G:A	ENSG00000273783.1	-0.443854	-15.1255628576491	0.00135445	0.720001409378961	0.5634512	416
chr14:81207655:T:C	ENSG00000205579.3	0.860237	10.1928408976258	0.000947721	0.559430741176471	0.382879284	404
chr14:81699151:T:A	ENSG00000270343.1	0.387167	11.3503606009885	0.00280942	0.982472231418028	1	406
chr14:81330904:G:C	ENSG00000140022.9	-0.394621	-5.46358873499131	0.00882977	0.867029743181818	1	425
chr14:81008452:G:A	ENSG00000242163.1	-0.691819	-9.28448242508673	0.000838128	0.989253276368491	0.353690016	422
chr14:81149390:T:C	ENSG00000071537.13	0.214131	8.39190601209696	0.0014236	0.980407020746888	0.5608984	394
chr14:82966702:A:AG	ENSG00000258743.5	0.952302	9.9226899494249	0.000776518	0.628998685	0.317595862	409
chr14:82495111:C:T	ENSG00000259032.2	0.281421	12.0134678767102	0.000590716	0.779016041841004	0.241602844	409
chr14:85480782:C:T	ENSG00000205562.2	0.337011	8.73897385723194	0.000697761	0.638117537142857	0.38516407199999997	552
chr14:85148808:A:G	ENSG00000185070.10	-0.259063	-11.442734997162	0.000253849	0.69834876984127	0.140124648	552
chr14:85998834:C:T	ENSG00000258733.5	0.596974	9.4787055912649	0.00116555	0.998817907161804	0.5711195	490
chr14:87570517:T:C	ENSG00000258859.1	-0.596446	-8.52712237295151	0.00124879	0.998591698620189	0.48952568	392
chr14:87786064:A:T	ENSG00000054983.16	0.333347	7.85063823338477	0.000326258	0.5593859535	0.142574746	437
chr14:87678217:G:A	ENSG00000140030.5	0.397233	10.1942787107114	0.000243945	0.283936323235294	0.108555525	445
chr14:88283714:A:G	ENSG00000100433.15	-0.681108	-9.34921822742309	0.000339399	0.514026162	0.12693522599999998	374
chr14:88180662:A:C	ENSG00000042317.16	-0.287625	-8.88137681555477	0.0242638	0.990735392194745	1	345
chr14:88944214:G:T	ENSG00000070778.12	0.256128	9.45827433329117	0.00193102	0.999304	0.7260635200000001	376
chr14:88096638:C:T	ENSG00000258983.2	-0.467722	-9.8091796299144	0.00785514	0.992596908170914	1	363
chr14:88253254:A:G	ENSG00000258789.1	0.424307	11.7376853184957	0.00260073	0.994615864150943	0.9856766699999999	379
chr14:88091601:G:C	ENSG00000100722.18	0.429813	7.53504773591818	0.00111935	0.274955711159737	0.4208756	376
chr14:89037089:A:G	ENSG00000278576.1	-0.367139	-8.96523641585196	0.000939947	0.399068945205479	0.360939648	384
chr14:88942370:C:G	ENSG00000165521.15	-0.191908	-9.64338793307886	0.0028732	0.739338950782998	1	414
chr14:89249151:A:T	ENSG00000274492.1	-0.290757	-7.63097268485714	0.00665571	0.970358062689585	1	396
chr14:88434512:T:C	ENSG00000165533.18	-0.322982	-6.70124525311101	0.000868403	0.868722594520548	0.345624394	398
chr14:89855077:T:C	ENSG00000053254.15	-0.305976	-12.1078035698566	0.000345235	0.251467027096774	0.23268839	674
chr14:88999105:T:A	ENSG00000259151.2	0.558026	10.783447129491	0.000260749	0.18769113	0.178352316	684
chr14:89702986:G:C	ENSG00000258752.1	-0.296065	-11.8501148312918	0.00350618	0.989354623161765	1	713
chr14:89710647:A:G	ENSG00000258699.1	0.424104	15.4056337679138	8.25733e-05	0.2164246193	0.0591224828	716
chr14:89289708:C:T	ENSG00000258920.1	-0.41658	-9.31478872261599	0.00306323	0.998795067869753	1	715
chr14:89420596:T:C	ENSG00000200312.1	-0.283988	-12.5956414360736	0.000620515	0.336429573333333	0.41450402	668
chr14:89639972:G:T	ENSG00000140025.15	-0.474468	-15.0608031251407	1.82261e-05	0.0162698319333333	0.0104071031	571
chr14:89671951:T:C	ENSG00000042088.13	0.493658	12.4174728340139	0.00022088	0.188222798064516	0.12612248	571
chr14:89870574:T:C	ENSG00000152315.4	0.661777	7.91637487946218	0.000507494	0.123204435052632	0.281151676	554
chr14:89844935:T:C	ENSG00000100764.13	-0.143685	-5.69640503062349	0.00798133	0.999205	1	548
chr14:90058963:ATTT:A	ENSG00000119720.17	0.666121	6.82192709669586	0.00182625	0.462383689519651	1	557
chr14:90178395:G:T	ENSG00000242571.1	-0.835026	-10.5268473837746	0.0004533	0.679894175	0.2529414	558
chr14:90676435:C:T	ENSG00000275198.1	0.478435	10.8956814062066	0.0019929	0.149885455609756	1	556
chr14:90725728:T:C	ENSG00000198668.10	0.280245	5.23878342913042	0.00169742	0.743841849193549	0.94037068	554
chr14:90110071:C:A	ENSG00000233208.5	-0.472869	-12.4979935872756	0.000439886	0.34287456	0.25249456400000003	574
chr14:90666307:G:A	ENSG00000165914.14	-0.145577	-6.41739195228216	0.00865493	0.996582578831796	1	560
chr14:91294873:T:G	ENSG00000100784.10	-0.30854	-9.66146042965236	0.00103339	0.510672458571429	0.54459653	527
chr14:91376634:G:C	ENSG00000133943.20	-0.259934	-11.8902744718678	0.000461455	0.43622208	0.244109695	529
chr14:91631538:G:A	ENSG00000119714.10	0.254298	10.0533123418455	0.00404001	0.999665	1	480
chr14:91407209:C:A	ENSG00000258875.5	-0.294677	-11.9499697783739	0.00400347	0.75434724600639	1	487
chr14:91742227:C:T	ENSG00000260810.1	0.453193	11.2217154001875	0.00175778	0.962850237329043	0.8419766200000001	479
chr14:91424333:T:C	ENSG00000015133.18	0.34286	13.635852705071	0.000107599	0.112785776666667	0.052077916	484
chr14:91962406:A:C	ENSG00000100796.17	0.245695	7.8744775792064	0.00248906	0.499327828125	1	502
chr14:91948036:T:C	ENSG00000279286.2	-0.799816	-8.1389958528919	0.00156467	0.997236315231226	0.78546434	502
chr14:91742227:C:T	ENSG00000260711.2	0.336462	8.60916349628067	0.012907	0.914445869451697	1	484
chr14:91866506:G:A	ENSG00000165929.12	-0.529119	-8.99344633412177	0.00215012	0.755084320203304	1	488
chr14:91634195:C:T	ENSG00000140092.14	0.387443	8.80227952882941	0.000920916	0.599361747150259	0.470588076	511
chr14:92437688:A:G	ENSG00000100815.12	-0.332181	-6.97553976353427	0.00173409	0.749031801242236	1	605
chr14:91546919:T:G	ENSG00000259020.3	-0.411881	-14.2499035621863	0.00227628	0.46671495559322	1	574
chr14:92388983:C:CTT	ENSG00000066427.21	-0.488487	-6.25152470719084	0.00224128	0.652095560883281	1	663
chr14:92537005:AAT:A	ENSG00000183648.9	0.230243	11.3890322070806	0.000113245	0.313171723666667	0.076893355	679
chr14:92187910:G:A	ENSG00000165934.12	-0.309394	-10.0780084343534	0.00102929	0.46462388	0.69888791	679
chr14:92274462:T:C	ENSG00000140090.17	-0.243872	-11.0945987816769	0.00222293	0.948490861189802	1	745
chr14:92219975:G:T	ENSG00000100599.15	-0.403365	-7.93825566041063	0.00404022	0.834377654676259	1	765
chr14:92863928:A:G	ENSG00000100600.14	-0.64527	-7.66454271561904	5.18596e-05	0.158431078	0.04278417	825
chr14:92535102:G:C	ENSG00000066455.12	-0.21385	-6.9069278293137	0.00599043	0.940422841616349	1	775
chr14:93231735:A:G	ENSG00000100604.12	-0.287853	-11.0728703251461	0.000300198	0.670307126627219	0.2101386	700
chr14:92844863:A:G	ENSG00000100605.16	-0.398318	-5.9626197750266	0.000460316	0.128336355	0.24396748000000001	530
chr14:93369923:G:A	ENSG00000165943.4	0.20629	3.54091326229605	0.0108225	0.990573290950226	1	472
chr14:92693656:T:C	ENSG00000153485.5	0.363581	9.54515188725976	0.00246565	0.681744587096774	1	472
chr14:92939815:G:A	ENSG00000259066.5	0.792764	12.0793886565247	0.000365075	0.6991614	0.1723154	472
chr14:93139613:T:G	ENSG00000170270.4	0.248121	9.87648833555892	0.0013535	0.500196466666667	0.611782	452
chr14:93566747:C:T	ENSG00000012963.14	0.275226	8.99412955081545	0.00178769	0.523337384892086	0.80803588	452
chr14:92844863:A:G	ENSG00000011114.14	-0.515878	-6.38242201044429	0.00190581	0.601951842307692	1	527
chr14:92849774:A:G	ENSG00000133958.13	0.348739	5.90042671355366	0.00193619	0.416836853658537	1	527
chr14:93756578:T:C	ENSG00000278396.1	0.428444	13.0867223300763	0.001826	0.398620458227848	0.96778	530
chr14:93765402:T:C	ENSG00000187581.2	-0.621078	-10.2791515659728	0.00136571	0.88487126031746	0.72246059	529
chr14:93790954:G:A	ENSG00000175785.12	0.214337	9.68756506758656	0.00255738	0.974931532416503	1	553
chr14:93962223:T:C	ENSG00000258584.1	-0.472618	-8.51281917247486	0.00072003	0.850997702830189	0.45433893	631
chr14:93845988:A:C	ENSG00000140067.6	0.354432	9.16697171385033	0.00223985	0.929077310895212	1	627
chr14:93557014:G:T	ENSG00000100628.11	0.699357	10.4558849844492	0.000143451	0.249584247	0.095538366	666
chr14:94019731:A:G	ENSG00000089723.9	0.353477	10.531232080733	0.000168571	0.251252912	0.12356254300000001	733
chr14:94085983:A:G	ENSG00000089737.15	-0.241898	-7.61031177495768	0.000814372	0.46294564	0.613222116	753
chr14:94155016:A:G	ENSG00000165948.10	-0.343154	-11.7299943888454	0.00023239	0.256106976744186	0.17498966999999999	753
chr14:94495194:A:T	ENSG00000165949.12	-0.610897	-10.4324669427457	0.000202418	0.31384618	0.153432844	758
chr14:93874700:C:T	ENSG00000119632.3	-0.424532	-7.09958481281148	0.000814007	0.478645242307692	0.644693544	792
chr14:93780548:G:A	ENSG00000119698.11	0.29854	7.24444789214068	0.000374959	0.85046909137931	0.30446670800000003	812
chr14:94833120:C:G	ENSG00000197249.13	0.250868	10.3400577350583	0.00169295	0.846234333573487	1	911
chr14:94297156:T:C	ENSG00000188488.13	-0.443498	-8.84492710247888	0.0011743	0.722007074782609	1	940
chr14:94917699:A:G	ENSG00000273259.2	-0.51915	-8.6665292415954	0.0016716	0.706828004195804	1	931
chr14:94515210:G:A	ENSG00000196136.16	-0.38085	-6.32182089071729	0.00669369	0.997705724953329	1	928
chr14:94484646:A:G	ENSG00000240914.1	-0.674037	-9.48887218184253	0.000625015	0.5955804334	0.60626455	970
chr14:94731844:A:G	ENSG00000100697.14	-0.309253	-9.61941126789788	0.000266198	0.43320086	0.285098058	1071
chr14:95221166:G:A	ENSG00000235706.7	0.588399	8.41197122761145	0.00040801	0.787663305	0.43697871	1071
chr14:95442399:A:G	ENSG00000165959.11	-0.302656	-9.31288168106736	0.000108736	0.1799708868	0.112867968	1038
chr14:95525561:C:G	ENSG00000176438.12	0.21135	7.85477004711875	0.00225995	0.999631	1	870
chr14:95387213:T:C	ENSG00000247092.6	0.55796	10.8432125095087	0.000414027	0.2759075928	0.352336977	851
chr14:95301703:A:C	ENSG00000252481.1	0.322285	10.9568260046057	8.70043e-05	0.261534684285714	0.0732576206	842
chr14:95310313:T:C	ENSG00000182512.4	-0.263837	-12.7843251061475	0.000307716	0.787227676258993	0.259096872	842
chr14:96093122:C:A	ENSG00000250366.2	0.396792	13.577920118448	2.40938e-05	0.0267360867333333	0.0208893246	867
chr14:96378213:A:G	ENSG00000227051.6	-0.279192	-8.29949591059751	0.00172013	0.594702577666667	1	675
chr14:96053204:A:G	ENSG00000168398.6	-0.343655	-12.2129560743474	0.0020858	0.995785935277667	1	632
chr14:96198561:A:G	ENSG00000066739.11	-0.262278	-9.56966818659037	0.000530281	0.515885341714286	0.346273493	653
chr14:96626466:A:G	ENSG00000100744.14	-0.171419	-8.43883432985341	0.00141408	0.866311096666667	0.92339424	653
chr14:96299546:C:T	ENSG00000140057.8	0.292386	11.8280113577051	0.000189839	0.193934248909091	0.123205511	649
chr14:96068116:A:G	ENSG00000260806.1	-0.485911	-15.1057586612245	0.00111726	0.767794127927928	0.7318053	655
chr14:96215974:C:T	ENSG00000090060.17	0.384536	7.74787606061303	0.00076179	0.798334741463415	0.49744887000000004	653
chr14:96717296:G:GC	ENSG00000276182.1	0.666061	7.52669950262185	0.00105079	0.786129612403101	0.67460718	642
chr14:97060369:G:A	ENSG00000258702.1	-0.708089	-7.71497790927506	0.00239694	0.989122068181818	1	661
chr14:96754757:T:G	ENSG00000100749.7	0.301078	8.62817018477101	0.00111321	0.605546295	0.68462415	615
chr14:97898177:A:C	ENSG00000246223.8	0.431828	12.4773213058572	0.00023611	0.520309720967742	0.12773551	541
chr14:98504373:T:C	ENSG00000259119.1	-0.58841	-9.11775982492426	0.000502223	0.6354045	0.392738386	782
chr14:99253536:A:G	ENSG00000232573.1	-0.242133	-8.38146055175809	0.00251173	0.65137660890411	1	782
chr14:99010036:T:C	ENSG00000127152.17	-0.179043	-7.18840290673162	0.0052654	0.999809	1	842
chr14:99104685:G:A	ENSG00000183576.12	0.362358	8.87092202542394	0.00110597	0.938550507865168	0.8980476399999999	812
chr14:99299149:G:C	ENSG00000090061.17	-0.341382	-8.87699487662216	0.000881071	0.248685991714286	0.715429652	812
chr14:99751945:G:C	ENSG00000205476.8	-0.324328	-13.942390103814	9.67715e-05	0.2286710545	0.065417534	676
chr14:99706392:T:G	ENSG00000258749.1	0.581188	15.0645091735008	9.01252e-05	0.0842763493	0.068945778	765
chr14:99569188:G:A	ENSG00000247970.2	-0.310083	-10.9507133575044	0.00684662	0.994298175334324	1	674
chr14:99934176:C:T	ENSG00000182218.9	-0.345637	-11.1798650323435	0.000332476	0.215724128	0.2161094	650
chr14:99356581:G:T	ENSG00000036530.8	0.253319	6.52103740436527	0.00322827	0.987287654435671	1	627
chr14:99356581:G:T	ENSG00000066629.16	0.62019	11.2029831511273	0.000398786	0.264834326707317	0.24884246399999999	624
chr14:99561073:G:A	ENSG00000196405.12	0.167257	10.2538512479211	0.000122503	0.01897959172	0.06541660199999999	534
chr14:99684108:G:A	ENSG00000168350.7	-0.351348	-9.26066445449819	0.00436328	0.917403843345112	1	496
chr14:99923935:T:A	ENSG00000100811.11	-0.27528	-12.3599912252479	0.000830748	0.7070785	0.426173724	513
chr14:100069010:G:A	ENSG00000258904.1	-0.433216	-11.5419927768721	0.00243551	0.930324059737156	1	497
chr14:100196560:C:T	ENSG00000197119.12	0.235873	9.56581135646988	0.00263377	0.836451593220339	1	519
chr14:100222874:A:C	ENSG00000140105.17	-0.240705	-8.78436295023905	0.00130494	0.6820608	0.7594750800000001	582
chr14:100303030:C:A	ENSG00000176473.13	-0.602532	-11.2239577557271	0.000692141	0.7262187075	0.40144177999999997	580
chr14:99955523:C:T	ENSG00000258620.1	0.458837	12.2303859936265	0.00108717	0.999755	0.65882502	606
chr14:100723120:A:T	ENSG00000183092.16	-0.215429	-8.092218757985	0.000219169	0.406125561333333	0.140925667	643
chr14:101255092:C:G	ENSG00000214548.14	0.173902	9.65570380113312	6.56115e-05	0.156549039	0.053145315	810
chr14:101241312:T:G	ENSG00000258399.7	-0.331038	-9.73297800298691	0.000826778	0.798189015	0.672997292	814
chr14:100806509:T:C	ENSG00000254656.1	-0.412161	-14.5975182454758	0.000129868	0.306228744	0.10792030799999999	831
chr14:101071520:A:G	ENSG00000225746.9	-0.242504	-8.88294328093951	0.000637848	0.330689318518519	0.53260308	835
chr14:101114260:A:T	ENSG00000258861.1	0.369976	14.623480842323	0.000175973	0.437820824	0.16400683600000002	932
chr14:101078202:A:C	ENSG00000223403.3	0.275925	11.0581269094075	0.000912963	0.950942214477212	0.848142627	929
chr14:101084013:C:T	ENSG00000230805.6	0.489343	13.5946047514725	0.000363894	0.219050865714286	0.337693632	928
chr14:101848586:C:T	ENSG00000258498.7	0.667805	10.1650767575127	0.00030929	0.356456725	0.22516312	728
chr14:101133023:G:A	ENSG00000197406.7	0.525295	14.3307521474798	0.000186417	0.171378461	0.135897993	729
chr14:101363685:C:A	ENSG00000258919.1	0.698126	8.34834114050398	0.0026569	0.865716891847826	1	633
chr14:101453571:C:T	ENSG00000258404.1	-0.439373	-10.9836529438944	0.00421213	0.826698121212121	1	530
chr14:101532649:C:A	ENSG00000241494.1	0.364834	14.0378914681549	0.00121008	0.710394625	0.7054766400000001	583
chr14:101533261:G:A	ENSG00000258512.1	0.433223	13.8196070748924	0.000846986	0.98620710214704	0.450596552	532
chr14:101413216:G:A	ENSG00000078304.19	0.284741	10.0033645553261	0.000270559	0.49126905	0.13284446900000002	491
chr14:102277311:A:C	ENSG00000259088.1	-0.659921	-8.36789793538289	0.00431358	0.997143760770975	1	472
chr14:101529261:C:T	ENSG00000271780.1	-0.551855	-13.4227030578954	0.000146778	0.0868599747058824	0.059738646	407
chr14:101529261:C:T	ENSG00000272444.1	-0.448924	-10.6467966363049	0.00319897	0.584196375	1	404
chr14:101609768:C:A	ENSG00000197102.10	-0.325798	-5.64810512637135	0.000991383	0.452343173333333	0.391596285	395
chr14:102430336:A:G	ENSG00000080824.18	-0.211973	-8.01036589639303	0.0112363	0.733574322580645	1	353
chr14:102621535:C:T	ENSG00000140153.17	0.371689	6.68387335873722	0.000910862	0.56011302	0.321534286	353
chr14:102743934:A:G	ENSG00000080823.21	0.211575	7.0504811555284	0.000754137	0.2849208175	0.291851019	387
chr14:102815003:A:G	ENSG00000022976.15	0.410106	7.53321507872142	0.00693317	0.987214874055416	1	382
chr14:102768225:C:T	ENSG00000100865.14	-0.341159	-10.5858165326741	0.000205889	0.0566325425714286	0.075355374	366
chr14:102361306:C:T	ENSG00000196663.15	0.242045	7.27686200674562	0.00399467	0.815477393333333	1	366
chr14:102310355:T:C	ENSG00000156381.8	-0.289241	-6.94293963221794	0.00893346	0.779034864864865	1	356
chr14:103091108:C:G	ENSG00000089902.9	-0.246902	-10.239386515106	0.000788066	0.543433	0.286856024	364
chr14:102911017:T:G	ENSG00000131323.14	-0.272183	-6.64577585954003	0.000576257	0.474989491935484	0.277755874	482
chr14:103253184:C:T	ENSG00000166126.10	-0.507092	-8.56777794859137	0.000279006	0.0606687810909091	0.14368809	515
chr14:103329593:G:T	ENSG00000198752.10	-0.205427	-7.22876291387008	0.00233667	0.956594046153846	1	488
chr14:103192571:G:A	ENSG00000283071.1	0.569305	8.74495645814269	0.00146809	0.889873491803279	0.69734275	475
chr14:103132974:G:A	ENSG00000185215.8	0.411561	8.37883089671237	0.00146167	0.867827595505618	0.7016016	480
chr14:103594165:G:T	ENSG00000259775.1	0.545019	7.18850729523291	0.00490221	0.99757214039621	1	458
chr14:103319873:T:C	ENSG00000100664.10	-0.258375	-6.91084530189611	0.00336969	0.918157399449036	1	458
chr14:103524462:T:C	ENSG00000075413.17	-0.466359	-12.1796369056588	2.7027e-05	0.0176506327179487	0.012459447	461
chr14:103794958:T:G	ENSG00000166165.12	0.235005	5.98029198910186	0.0041084	0.834434696666667	1	454
chr14:103956661:CT:C	ENSG00000260285.1	0.430079	15.2982695139191	0.000263945	0.049117843220339	0.119567085	453
chr14:103065808:A:G	ENSG00000166166.12	-0.28469	-5.32637713856212	0.0104403	0.997530340494528	1	453
chr14:103727102:C:T	ENSG00000166170.9	-0.200959	-9.23021000914863	0.0040013	0.558242557264957	1	431
chr14:103074759:G:C	ENSG00000126214.21	0.272172	9.66131778473733	0.00223682	0.780996264847512	0.96630624	432
chr14:103342135:C:T	ENSG00000256053.7	0.46728	12.3100520517029	0.0014448	0.290512226666667	0.6227088	431
chr14:104099442:G:T	ENSG00000270108.1	-0.40234	-7.87283361746948	0.00416827	0.87105108952381	1	455
chr14:103406216:G:T	ENSG00000269940.1	-0.31533	-11.3724004192162	0.00279896	0.626156661290323	1	467
chr14:103255911:C:A	ENSG00000269958.1	-0.384124	-8.75196941661185	0.0013804	0.369670526229508	0.6474076	469
chr14:103259633:A:G	ENSG00000126215.13	-0.400647	-7.57333053333308	0.0041998	0.591630015151515	1	463
chr14:103224611:T:C	ENSG00000100711.13	-0.507343	-7.55095183115515	0.00166446	0.416036765357143	0.77064498	463
chr14:104345287:C:T	ENSG00000088808.16	0.253315	5.57577728930052	0.00403261	0.54118973655914	1	480
chr14:104416402:T:C	ENSG00000156411.9	-0.15633	-6.88609023668394	0.00202766	0.166344166863905	1	505
chr14:103863771:C:T	ENSG00000156414.18	0.452117	7.1919178091491	0.00610594	0.97436590625	1	506
chr14:104589768:C:G	ENSG00000066735.14	0.314329	8.30251000865393	0.00367855	0.997347670338017	1	607
chr14:104290142:C:T	ENSG00000258913.1	0.491415	8.49826723851649	0.00474434	0.977898447932619	1	667
chr14:104965707:G:A	ENSG00000258986.6	-0.273672	-8.51099375046128	0.000657346	0.719380574	0.5068137659999999	771
chr14:104349031:G:A	ENSG00000184601.10	0.594453	8.58344434000619	3.33125e-05	0.09474075	0.0257505625	773
chr14:104679035:C:T	ENSG00000259037.1	-0.508024	-10.0682868614953	0.00178536	0.710839060465116	1	781
chr14:104524191:T:G	ENSG00000260792.1	-0.381383	-11.3096664339507	0.0020868	0.947958870212766	1	740
chr14:104266179:C:T	ENSG00000256050.2	0.429639	7.31013555664182	0.00300201	0.842422995652174	1	736
chr14:104316890:C:A	ENSG00000203485.12	0.310852	6.12537637025374	0.00149151	0.964378184100418	1	716
chr14:104299970:GC:G	ENSG00000185100.10	0.46468	7.80455282260233	0.00105981	0.994181366322009	0.72702966	686
chr14:104772855:T:C	ENSG00000184990.12	-0.491497	-19.7591931190363	3.73198e-07	0.001017710946	0.000258626214	693
chr14:104301811:G:C	ENSG00000258430.1	0.497057	9.73987257419317	0.00486938	0.97225667631452	1	681
chr14:105185217:C:T	ENSG00000142208.15	-0.322644	-7.69243990224673	0.000267482	0.33561629125	0.177073084	662
chr14:104813012:G:C	ENSG00000179627.9	0.389284	5.93052207994487	0.0127911	0.990509243902439	1	661
chr14:105164639:T:C	ENSG00000258701.1	0.398104	10.2132325746007	0.00276066	0.864662814814815	1	636
chr14:104566858:GAGA:G	ENSG00000258811.1	0.73034	10.3436372485395	0.00016482	0.20124522	0.10284768000000001	624
chr14:104965612:A:C	ENSG00000099814.15	0.178353	8.14384814449963	9.35889e-05	0.0577188983333333	0.0584930625	625
chr14:105128764:A:G	ENSG00000166428.12	0.535487	6.87634762804329	0.000850142	0.692973076595745	0.487981508	574
chr14:104878994:T:C	ENSG00000185567.6	-0.201193	-8.74072751777126	0.00503034	0.955847080645161	1	549
chr14:104586685:G:A	ENSG00000140104.13	0.320163	9.20496649513767	0.00178178	0.734227100757576	0.96928832	544
chr14:104690705:C:T	ENSG00000170779.10	0.556247	11.8085693082469	0.00113142	0.769993575	0.63585804	562
chr14:104952897:T:C	ENSG00000183484.11	0.425003	9.05128879642814	0.00341548	0.997148225552826	1	519
chr14:105410720:C:T	ENSG00000257556.1	-0.593694	-9.31908998846099	0.000659187	0.771040817391304	0.34277724	520
chr14:104801242:A:G	ENSG00000184916.8	0.238904	6.5087656070837	0.00231372	0.697520941176471	1	471
chr14:105502641:T:A	ENSG00000183828.14	-0.269613	-9.75841153491242	0.000861533	0.513777706521739	0.39630518000000003	460
chr14:105440185:A:C	ENSG00000185024.16	0.324033	6.93018903328643	0.000607812	0.38450808	0.229145124	377
chr14:104979091:A:G	ENSG00000184887.13	-0.491613	-7.79243827243616	0.0010667	0.997988661931818	0.4405471	413
chr14:105130079:T:TAC	ENSG00000179364.13	0.169315	4.72582683458674	0.00829069	0.997375406485235	1	382
chr14:104881714:A:G	ENSG00000279495.1	0.206024	8.17176585940953	0.0127616	0.766324397260274	1	402
chr14:105843447:C:T	ENSG00000242085.1	-0.348928	-8.61197020565165	0.00321326	0.54785633	1	397
chr14:105784016:A:C	ENSG00000226174.6	0.344612	10.9619744205345	0.00499602	0.646069469387755	1	417
chr14:105804991:G:C	ENSG00000251602.6	0.399882	8.10703681707153	0.00424622	0.963568115384615	1	425
chr14:105641361:T:C	ENSG00000182979.17	-0.262341	-5.84128892510521	0.00842467	0.963342107008761	1	425
chr14:105218384:T:C	ENSG00000182809.10	-0.214858	-9.10772628421126	0.00124918	0.966314705391884	0.53339986	427
chr14:105731084:G:C	ENSG00000185347.17	-0.386805	-7.60958044463379	0.00172688	0.959247163479334	0.72183584	418
chr14:105841492:C:T	ENSG00000184986.10	0.375654	9.56441153496447	0.00179033	0.994563805339266	0.7590999199999999	424
chr14:106163838:C:G	ENSG00000211896.7	0.323384	11.9847886545453	0.00657518	0.281772017608696	1	400
chr14:105889018:A:C	ENSG00000211899.9	0.350212	11.9544819762764	0.00334939	0.637905686597938	1	390
chr14:106067275:G:A	ENSG00000225200.2	-0.364378	-13.3363082866012	0.00349791	0.868628135294118	1	388
