Feature,seqnames,start,end,width,gencodeID,ensemblID,Symbol,logFC,AveExpr,t,P.Value,adj.P.Val,B,SE,Type,Region
HEBP1|ENSG00000013583.10,chr12,12974870,13000265,25396,ENSG00000013583.10,ENSG00000013583,HEBP1,-0.144560150161268,2.87662360658196,-4.50447131823078,9.08901453302785e-06,0.0020684888031703,1.5262698664174,0.0216262446101213,Gene,DLPFC
NLRP2|ENSG00000022556.16,chr19,54953130,55001142,48013,ENSG00000022556.16,ENSG00000022556,NLRP2,-0.695142181295073,2.00016344580258,-4.45159138654377,1.14868388757052e-05,0.0025488338228616,1.38220165915476,0.0481434645666824,Gene,DLPFC
OPN3|ENSG00000054277.14,chr1,241590102,241677376,87275,ENSG00000054277.14,ENSG00000054277,OPN3,0.174456985474758,4.95681187913379,3.69977482934138,0.0002506340574624,0.0333681652402694,-1.75963533446752,0.0565009784573359,Gene,DLPFC
PPP1R12A|ENSG00000058272.19,chr12,79773563,79935460,161898,ENSG00000058272.19,ENSG00000058272,PPP1R12A,0.0804897267707557,7.77149948943125,3.81308098247184,0.000162254729489,0.0242716667534005,-1.32388945139133,0.0620301087983042,Gene,DLPFC
CNN2|ENSG00000064666.15,chr19,1026586,1039068,12483,ENSG00000064666.15,ENSG00000064666,CNN2,-0.33874503620751,0.829247730737259,-4.11458567105857,4.84403018147775e-05,0.0091026220130807,0.159925753443726,0.0476469303769178,Gene,DLPFC
MAP2K4|ENSG00000065559.15,chr17,12020829,12143830,123002,ENSG00000065559.15,ENSG00000065559,MAP2K4,0.112653627426883,7.70426908202282,3.7060975059274,0.0002446947786054,0.0329065043935707,-1.71363787683789,0.0373312482184778,Gene,DLPFC
RASGRP2|ENSG00000068831.19,chr11,64726911,64745456,18546,ENSG00000068831.19,ENSG00000068831,RASGRP2,0.144278859484245,3.66344722485107,3.86669106037926,0.000131592968412,0.0201375055741803,-1.08406448442523,0.0746575267908552,Gene,DLPFC
CACNG5|ENSG00000075429.9,chr17,66835117,66894751,59635,ENSG00000075429.9,ENSG00000075429,CACNG5,-0.162688211677888,3.56399376754167,-3.88170916087376,0.0001240408460916,0.0198966000535012,-1.03092879613164,0.0348015291305975,Gene,DLPFC
DDX43|ENSG00000080007.8,chr6,73394828,73417566,22739,ENSG00000080007.8,ENSG00000080007,DDX43,0.727876331008428,-1.35038588985789,4.70326440052033,3.69479742104756e-06,0.0009281261408512,3.03873672757891,0.0771284577384378,Gene,DLPFC
LRP2|ENSG00000081479.15,chr2,169127109,169362534,235426,ENSG00000081479.15,ENSG00000081479,LRP2,-0.531118812602932,5.78315763482925,-4.02623457836425,6.95688891326697e-05,0.0125162892630784,-0.555681338066004,0.0492848791004725,Gene,DLPFC
HADHA|ENSG00000084754.12,chr2,26190635,26244672,54038,ENSG00000084754.12,ENSG00000084754,HADHA,-0.0998649562853467,6.29276446771325,-3.81937353047673,0.0001583339022936,0.0238681944000048,-1.33220288562367,0.0160543626923591,Gene,DLPFC
CD82|ENSG00000085117.12,chr11,44564427,44620358,55932,ENSG00000085117.12,ENSG00000085117,CD82,-0.218392628719258,3.57615710647582,-3.54269371945885,0.0004499250301835,0.0481130673843244,-2.24584507151296,0.0848168594691634,Gene,DLPFC
GP6|ENSG00000088053.11,chr19,55013705,55038264,24560,ENSG00000088053.11,ENSG00000088053,GP6,0.340283826693538,0.356725639361964,5.23556315221822,2.84850760268069e-07,8.33485845456908e-05,5.18078956077841,0.0487798141144677,Gene,DLPFC
TDRD1|ENSG00000095627.10,chr10,114179270,114232666,53397,ENSG00000095627.10,ENSG00000095627,TDRD1,0.378401718059746,1.43345009198736,4.79847633029633,2.37435519174066e-06,0.0006138053950531,3.00359121431964,0.0639841638080229,Gene,DLPFC
SMIM24|ENSG00000095932.7,chr19,3473986,3480525,6540,ENSG00000095932.7,ENSG00000095932,SMIM24,-0.687639922821925,0.445406359012374,-7.35636364825863,1.36316860911668e-12,5.18529865070711e-10,17.1181402289482,0.0682664862262058,Gene,DLPFC
CD40|ENSG00000101017.15,chr20,46118271,46129863,11593,ENSG00000101017.15,ENSG00000101017,CD40,-0.217785027019932,0.457149710275471,-3.57456736968387,0.0004002267163999,0.0440365156098443,-1.77914890431377,0.0201172201732681,Gene,DLPFC
RPS16|ENSG00000105193.9,chr19,39433137,39435949,2813,ENSG00000105193.9,ENSG00000105193,RPS16,-0.131677274786913,3.98998447685105,-3.56532124187517,0.0004140859502339,0.0451879778560602,-2.19783107306338,0.0254960349428684,Gene,DLPFC
MYL7|ENSG00000106631.8,chr7,44138864,44141332,2469,ENSG00000106631.8,ENSG00000106631,MYL7,0.411672930634599,-1.97589466282892,3.80296202200706,0.0001687527432953,0.0251026776297459,-0.527973352621983,0.0634814308959652,Gene,DLPFC
SYT10|ENSG00000110975.8,chr12,33374238,33439819,65582,ENSG00000110975.8,ENSG00000110975,SYT10,0.262152602994056,3.22529784281356,3.74206677399071,0.0002133520653713,0.0297430651551993,-1.49512357600657,0.0489085918096688,Gene,DLPFC
SLC27A6|ENSG00000113396.13,chr5,128538013,129033642,495630,ENSG00000113396.13,ENSG00000113396,SLC27A6,-0.756330141614499,0.45858173400148,-4.9557010258578,1.12633584428085e-06,0.0003029388335925,3.79581779413597,0.019375344408597,Gene,DLPFC
DNAJC27|ENSG00000115137.12,chr2,24943636,24972094,28459,ENSG00000115137.12,ENSG00000115137,DNAJC27,0.0678270980562581,5.20241506974221,3.60484465161626,0.000357828799308,0.0407175531588723,-2.10301180722832,0.0482757671861842,Gene,DLPFC
TLX2|ENSG00000115297.11,chr2,74513463,74517148,3686,ENSG00000115297.11,ENSG00000115297,TLX2,-1.03198348965907,-2.37291599457071,-9.02160549904351,1.2642195032015701e-17,5.705486900296321e-15,28.9468747965757,0.0618211397235336,Gene,DLPFC
EFHD1|ENSG00000115468.13,chr2,232606057,232682776,76720,ENSG00000115468.13,ENSG00000115468,EFHD1,-0.27926475357973,5.01125391424392,-3.58694591774714,0.0003823527496639,0.0428116330563464,-2.16617682266989,0.106327987221612,Gene,DLPFC
OSCP1|ENSG00000116885.18,chr1,36415827,36450451,34625,ENSG00000116885.18,ENSG00000116885,OSCP1,0.100404133501042,3.78553457441762,3.74274529591057,0.0002127989211582,0.0297430651551993,-1.54798345297284,0.0828404806721407,Gene,DLPFC
EBNA1BP2|ENSG00000117395.13,chr1,43164175,43270936,106762,ENSG00000117395.13,ENSG00000117395,EBNA1BP2,0.0853025462172281,5.13302969276482,3.53496880771172,0.000462811953658,0.0489019598811637,-2.34064162686188,0.0205572052265683,Gene,DLPFC
HSD11B1|ENSG00000117594.10,chr1,209686178,209734949,48772,ENSG00000117594.10,ENSG00000117594,HSD11B1,-0.346379702184811,2.29832075858026,-4.11474378465814,4.84086542417887e-05,0.0091026220130807,-0.0159028536449863,0.0221557358231909,Gene,DLPFC
ZC2HC1C|ENSG00000119703.15,chr14,75064109,75119502,55394,ENSG00000119703.15,ENSG00000119703,ZC2HC1C,0.114264226415768,2.62995020333821,3.64751687228945,0.0003051896872625,0.0364407435100474,-1.77700478039254,0.0320843778389373,Gene,DLPFC
LRAT|ENSG00000121207.12,chr4,154626945,154753120,126176,ENSG00000121207.12,ENSG00000121207,LRAT,-0.273968923625813,1.16199616086007,-3.72184571140721,0.0002304727759069,0.0316329824952331,-1.36198523923697,0.0814500736618041,Gene,DLPFC
FABP3|ENSG00000121769.8,chr1,31365253,31376850,11598,ENSG00000121769.8,ENSG00000121769,FABP3,0.21703153310262,5.6190791462415,3.86692365132335,0.0001314727577538,0.0201375055741803,-1.15657938195528,0.0358974255034781,Gene,DLPFC
CPXM2|ENSG00000121898.13,chr10,123706207,123940267,234061,ENSG00000121898.13,ENSG00000121898,CPXM2,-0.304893185585748,1.11821131303917,-5.07005729230498,6.46934815861252e-07,0.0001775869416694,4.26814648929339,0.0195094109470114,Gene,DLPFC
TAF1L|ENSG00000122728.6,chr9,32629454,32635669,6216,ENSG00000122728.6,ENSG00000122728,TAF1L,-1.05705942409764,-1.78640583578979,-12.8490175509834,3.33302058080473e-31,2.0170077046610799e-28,59.8907796327132,0.0245972086454391,Gene,DLPFC
PSD4|ENSG00000125637.16,chr2,113157325,113209396,52072,ENSG00000125637.16,ENSG00000125637,PSD4,-0.143697753739946,2.70565365461614,-3.65596255405864,0.0002956746417479,0.0363062453693665,-1.76580143697496,0.0945366083350648,Gene,DLPFC
TSPAN8|ENSG00000127324.9,chr12,71125085,71441898,316814,ENSG00000127324.9,ENSG00000127324,TSPAN8,-0.508089353785112,-0.993648302557422,-3.86673153581331,0.0001315720419023,0.0201375055741803,-0.529258647420009,0.0196501043852277,Gene,DLPFC
TUBBP1|ENSG00000127589.4,chr8,30351873,30353518,1646,ENSG00000127589.4,ENSG00000127589,TUBBP1,-3.20612274907803,-0.546030734659369,-46.4490385123864,1.9777740276479803e-151,1.9504514457104702e-148,335.716048729165,0.0247174305474516,Gene,DLPFC
LRRC9|ENSG00000131951.11,chr14,59919713,60063559,143847,ENSG00000131951.11,ENSG00000131951,LRRC9,0.138461192702272,2.08929228542048,3.71178841952459,0.0002394625710859,0.0326983070784903,-1.48725317064609,0.0501045648275584,Gene,DLPFC
LINC00470|ENSG00000132204.14,chr18,1254383,1408344,153962,ENSG00000132204.14,ENSG00000132204,LINC00470,0.66813466652253,-2.07857309110706,3.7880675248747,0.000178766160308,0.0258696008180546,-0.530986502954506,0.0400489720216222,Gene,DLPFC
KANK4|ENSG00000132854.19,chr1,62236165,62319434,83270,ENSG00000132854.19,ENSG00000132854,KANK4,-0.325000781912012,1.20616913721836,-4.42295307892312,1.30275568923467e-05,0.0028433176833812,1.36539691598582,0.0647532232447045,Gene,DLPFC
PLEKHA8P1|ENSG00000134297.8,chr12,45139782,45216047,76266,ENSG00000134297.8,ENSG00000134297,PLEKHA8P1,0.306693316441483,0.270373042732076,6.89179568773909,2.5876076229336e-11,8.94808158127961e-09,14.2864397653355,0.152256646805699,Gene,DLPFC
CALCOCO2|ENSG00000136436.15,chr17,48831018,48866522,35505,ENSG00000136436.15,ENSG00000136436,CALCOCO2,-0.110621967960985,5.77638790056389,-3.69271867663717,0.0002574225692561,0.0339127273745141,-1.79669851060047,0.124043741067042,Gene,DLPFC
PAQR5|ENSG00000137819.14,chr15,69298912,69407780,108869,ENSG00000137819.14,ENSG00000137819,PAQR5,-0.227133009241727,1.51677876135222,-3.66271945131682,0.0002882638871459,0.035911513025838,-1.60327965795974,0.0621779497006668,Gene,DLPFC
TMEM91|ENSG00000142046.15,chr19,41350911,41384083,33173,ENSG00000142046.15,ENSG00000142046,TMEM91,0.127501125217307,2.22126597763059,4.1981643232697,3.41930020488202e-05,0.0067441264115106,0.342052046095262,0.0980527177504768,Gene,DLPFC
MPC2|ENSG00000143158.11,chr1,167916675,167937072,20398,ENSG00000143158.11,ENSG00000143158,MPC2,0.113313555896056,6.10841259779702,3.96707636968255,8.83327873082343e-05,0.0150771610747202,-0.780921421502139,0.0224911531731385,Gene,DLPFC
DCAF6|ENSG00000143164.16,chr1,167935783,168075843,140061,ENSG00000143164.16,ENSG00000143164,DCAF6,0.132708240968606,7.40867176879905,4.114069915752,4.85436709301636e-05,0.0091026220130807,-0.189559848819266,0.019145597458799,Gene,DLPFC
TOR1AIP1|ENSG00000143337.19,chr1,179882042,179920077,38036,ENSG00000143337.19,ENSG00000143337,TOR1AIP1,-0.0819578365496321,5.73575564662013,-3.64283262515263,0.0003105904385594,0.0369200518192949,-1.97360793922088,0.0184788974652909,Gene,DLPFC
HCN3|ENSG00000143630.10,chr1,155277463,155289848,12386,ENSG00000143630.10,ENSG00000143630,HCN3,0.156854637497839,2.97213281778082,3.88635906579577,0.0001217870083193,0.0196534707304225,-0.947202297140541,0.051023537708701,Gene,DLPFC
SNRNP200|ENSG00000144028.15,chr2,96274338,96321271,46934,ENSG00000144028.15,ENSG00000144028,SNRNP200,-0.0510291233653756,7.20192145941712,-3.65271455000451,0.0002993003889728,0.0363062453693665,-1.91409940618173,0.0575509560427503,Gene,DLPFC
FRG1BP|ENSG00000149531.15,chr20,30377372,30399257,21886,ENSG00000149531.15,ENSG00000149531,FRG1BP,0.697869211444669,3.6266286458635,9.8184629213054,2.98638167564171e-20,1.44578881595113e-17,34.2578917719268,0.0669249719689253,Gene,DLPFC
DYNLT5|ENSG00000152760.10,chr1,66752459,66779047,26589,ENSG00000152760.10,ENSG00000152760,DYNLT5,0.194333145987186,2.13661864382427,3.9390325127842,9.88203659162099e-05,0.0165489929764209,-0.652235964290307,0.0150193635185284,Gene,DLPFC
BCL2L11|ENSG00000153094.24,chr2,111119378,111168445,49068,ENSG00000153094.24,ENSG00000153094,BCL2L11,-0.145286169529452,2.42036984055338,-3.86982745420709,0.0001299806977603,0.0201375055741803,-0.958951519554172,0.0593020921856644,Gene,DLPFC
ZNF599|ENSG00000153896.19,chr19,34758073,34773229,15157,ENSG00000153896.19,ENSG00000153896,ZNF599,-0.129802179841445,1.84400463145928,-3.52548177759363,0.0004791117442075,0.0498332359883334,-2.11966149970554,0.0131938532249704,Gene,DLPFC
GDPD1|ENSG00000153982.11,chr17,59220467,59275970,55504,ENSG00000153982.11,ENSG00000153982,GDPD1,0.0792096571041652,5.15570257082015,3.6314950319289,0.000324036540952,0.0381775264421684,-2.00830216370997,0.0134480664840849,Gene,DLPFC
C16orf87|ENSG00000155330.10,chr16,46796603,46831180,34578,ENSG00000155330.10,ENSG00000155330,C16orf87,0.118325219357985,4.81053143635414,4.2760676251049,2.4587493538801e-05,0.0051147749254504,0.444249529265015,0.0585668622913583,Gene,DLPFC
SLC16A1|ENSG00000155380.13,chr1,112911847,112957593,45747,ENSG00000155380.13,ENSG00000155380,SLC16A1,-0.299700756696057,5.48431515895484,-4.65233988212456,4.6669367971578e-06,0.0011506159823881,2.02291067635294,0.037625005674839,Gene,DLPFC
PHKG2|ENSG00000156873.16,chr16,30748293,30761176,12884,ENSG00000156873.16,ENSG00000156873,PHKG2,0.0848143725813454,3.90933468759252,3.70796333062661,0.0002429675924395,0.0328400917963908,-1.68428272005218,0.0555309690038209,Gene,DLPFC
CCDC24|ENSG00000159214.13,chr1,43991359,43996528,5170,ENSG00000159214.13,ENSG00000159214,CCDC24,0.13638590956495,3.1314567734452,3.87891059880631,0.0001254163015239,0.0199967656327987,-0.98940571819343,0.0422440961024092,Gene,DLPFC
IQCC|ENSG00000160051.12,chr1,32205671,32208682,3012,ENSG00000160051.12,ENSG00000160051,IQCC,0.132504303111563,2.07064132842608,4.41066303907945,1.37478065074017e-05,0.0029761206818909,1.230783114171,0.137962683299673,Gene,DLPFC
RDH13|ENSG00000160439.16,chr19,55039108,55071291,32184,ENSG00000160439.16,ENSG00000160439,RDH13,0.108241944358253,3.84354667142003,4.09594436059406,5.23127703599869e-05,0.00967313983594,-0.227068018940329,0.0445283333570434,Gene,DLPFC
MYL3|ENSG00000160808.11,chr3,46835111,46882172,47062,ENSG00000160808.11,ENSG00000160808,MYL3,-0.287393595960451,-0.029749462743148,-3.8298710497161,0.0001519916102614,0.0231261748938924,-0.812988093229071,0.28697079336948,Gene,DLPFC
IKZF3|ENSG00000161405.17,chr17,39757718,39864312,106595,ENSG00000161405.17,ENSG00000161405,IKZF3,-0.311022024074159,0.827804276231287,-3.98895703769832,8.08928263752197e-05,0.014170613736138,-0.332703101795845,0.0283472211897403,Gene,DLPFC
BEND5|ENSG00000162373.13,chr1,48727519,48776969,49451,ENSG00000162373.13,ENSG00000162373,BEND5,0.138829918032576,3.83366762374395,3.87657494230354,0.0001265752861764,0.0200614294346488,-1.05994622805986,0.0198048294080807,Gene,DLPFC
HENMT1|ENSG00000162639.16,chr1,108648290,108661526,13237,ENSG00000162639.16,ENSG00000162639,HENMT1,0.103254882112839,3.83634974679164,3.54795207129669,0.0004413461206009,0.0475778265313396,-2.23462599843201,0.0219009452485401,Gene,DLPFC
PKDCC|ENSG00000162878.13,chr2,42048021,42058517,10497,ENSG00000162878.13,ENSG00000162878,PKDCC,0.156344614825602,3.8976774948057,3.53858732067419,0.000456732972337,0.0486457154176774,-2.27618017849878,0.0158093813134017,Gene,DLPFC
TRIM17|ENSG00000162931.12,chr1,228407935,228416861,8927,ENSG00000162931.12,ENSG00000162931,TRIM17,0.222761649468729,3.27773322182757,3.76389593970922,0.0001962194717991,0.0280899778257828,-1.42421591578243,0.149222496660751,Gene,DLPFC
ANKRD30BL|ENSG00000163046.16,chr2,132147591,132257969,110379,ENSG00000163046.16,ENSG00000163046,ANKRD30BL,0.769132750774484,2.40436143125855,3.7888095531827,0.0001782543004575,0.0258696008180546,-1.20907439208494,0.0858117387516591,Gene,DLPFC
FZD5|ENSG00000163251.4,chr2,207762598,207769906,7309,ENSG00000163251.4,ENSG00000163251,FZD5,-0.218208695351241,2.53734653999099,-3.65211632310494,0.0002999727337387,0.0363062453693665,-1.76637565184379,0.0722657809453431,Gene,DLPFC
YY1AP1|ENSG00000163374.20,chr1,155659443,155689000,29558,ENSG00000163374.20,ENSG00000163374,YY1AP1,-0.0620859570793236,5.70445696836812,-3.68250310966597,0.0002675580586025,0.0342512905115816,-1.83364714742481,0.080464678475114,Gene,DLPFC
CCDC158|ENSG00000163749.18,chr4,76312997,76421868,108872,ENSG00000163749.18,ENSG00000163749,CCDC158,0.279930679350766,2.6132259226718,5.1463359148594,4.44431127008852e-07,0.0001258922087113,4.47852185280887,0.0713011612818513,Gene,DLPFC
NKX6-3|ENSG00000165066.13,chr8,41645177,41650817,5641,ENSG00000165066.13,ENSG00000165066,NKX6-3,0.404073896501681,-1.22031409954179,4.19829790566617,3.4173816231348e-05,0.0067441264115106,0.849263253620221,0.027896232222577,Gene,DLPFC
C10orf82|ENSG00000165863.17,chr10,116663696,116670264,6569,ENSG00000165863.17,ENSG00000165863,C10orf82,0.22619530620254,-0.847464481468282,3.63594061748871,0.0003187002550358,0.0377156964037302,-1.33854177264165,0.0222195128352446,Gene,DLPFC
OTOGL|ENSG00000165899.12,chr12,80099537,80380880,281344,ENSG00000165899.12,ENSG00000165899,OTOGL,0.205248260333463,5.20490936051802,3.7732012591117,0.0001893182426904,0.0272485235033391,-1.5034236820263,0.0208382806342257,Gene,DLPFC
LDHAL6A|ENSG00000166800.11,chr11,18455824,18479601,23778,ENSG00000166800.11,ENSG00000166800,LDHAL6A,0.522773207716106,-0.997482845563031,3.7350184191482,0.0002191787877197,0.0303962165656943,-0.940607523470717,0.022307664409978,Gene,DLPFC
SCG5|ENSG00000166922.9,chr15,32641676,32697098,55423,ENSG00000166922.9,ENSG00000166922,SCG5,0.133201127722717,7.31134104603044,3.58120141303776,0.0003905522590753,0.0431503527070458,-2.16254444533157,0.0749528832780636,Gene,DLPFC
XIRP1|ENSG00000168334.9,chr3,39183210,39192596,9387,ENSG00000168334.9,ENSG00000168334,XIRP1,-0.651161391393006,-2.76251141253596,-3.66739088899812,0.0002832429604014,0.0355750486160874,-0.922728907944136,0.069649704410982,Gene,DLPFC
KCNAB3|ENSG00000170049.10,chr17,7921859,7929856,7998,ENSG00000170049.10,ENSG00000170049,KCNAB3,0.172317156188845,3.25305389338584,3.9025075779841,0.0001142571861985,0.018583740051215,-0.913957342296728,0.122029200821707,Gene,DLPFC
PRSS30P|ENSG00000172460.19,chr16,2839568,2842744,3177,ENSG00000172460.19,ENSG00000172460,PRSS30P,-0.869140280897107,-1.37529616883259,-7.4696628939066,6.5151547169289e-13,2.51418876300965e-10,18.1074640792924,0.0580865330913052,Gene,DLPFC
SULT1B1|ENSG00000173597.9,chr4,69721167,69787961,66795,ENSG00000173597.9,ENSG00000173597,SULT1B1,-0.481765567330283,0.14028505426602,-4.53611707126315,7.89223115543496e-06,0.0018299861107064,1.97267078086834,0.0414435876127822,Gene,DLPFC
JUP|ENSG00000173801.17,chr17,41754604,41786931,32328,ENSG00000173801.17,ENSG00000173801,JUP,-0.232952940826754,2.99728045338127,-4.21871910058667,3.13585503578094e-05,0.006278076093063,0.325108234582466,0.0567536232439355,Gene,DLPFC
EIF1|ENSG00000173812.11,chr17,41688885,41692668,3784,ENSG00000173812.11,ENSG00000173812,EIF1,-0.0925654809805287,7.44738883855801,-3.66114679489528,0.0002899729579478,0.0359121393082729,-1.87783149110193,0.028804628135668,Gene,DLPFC
KICS2|ENSG00000174206.13,chr12,64186316,64222296,35981,ENSG00000174206.13,ENSG00000174206,KICS2,-0.0944805349511302,3.87824947967917,-3.86933749316837,0.0001302313252443,0.0201375055741803,-1.09888701564855,0.0229906776991714,Gene,DLPFC
MTLN|ENSG00000175701.11,chr2,110211529,110245420,33892,ENSG00000175701.11,ENSG00000175701,MTLN,0.155321276532972,2.79728816418807,3.9419094333137,9.76924391486344e-05,0.0164636492228524,-0.71587878949848,0.0327407245553103,Gene,DLPFC
DENND2C|ENSG00000175984.15,chr1,114582848,114670422,87575,ENSG00000175984.15,ENSG00000175984,DENND2C,-0.172826510762783,1.71672959042046,-4.26094804054257,2.62227742289335e-05,0.0054126651890993,0.646399510665134,0.065593283577684,Gene,DLPFC
CLEC14A|ENSG00000176435.7,chr14,38254000,38256093,2094,ENSG00000176435.7,ENSG00000176435,CLEC14A,-0.163398932117116,2.23236894471896,-3.6898008829545,0.0002602799837989,0.0339127273745141,-1.59062330658702,0.0381650050010312,Gene,DLPFC
ZNF491|ENSG00000177599.13,chr19,11797667,11809622,11956,ENSG00000177599.13,ENSG00000177599,ZNF491,-0.116006609586929,2.38973090982497,-4.29180530531757,2.29890576491981e-05,0.0048199184096472,0.693456892072408,0.0731216028743367,Gene,DLPFC
ZNF154|ENSG00000179909.16,chr19,57696275,57709204,12930,ENSG00000179909.16,ENSG00000179909,ZNF154,0.0963216375413976,5.28344669545127,3.60846602916213,0.000353050122996,0.0404936639527671,-2.09315397907201,0.0360310298197533,Gene,DLPFC
TPRXL|ENSG00000180438.15,chr3,13937273,14082811,145539,ENSG00000180438.15,ENSG00000180438,TPRXL,0.351694880631711,-1.59616644918694,4.09991394561513,5.14642328501635e-05,0.0095827841125965,0.526826037184673,0.0750339411802307,Gene,DLPFC
ZDHHC20|ENSG00000180776.17,chr13,21348784,21459370,110587,ENSG00000180776.17,ENSG00000180776,ZDHHC20,-0.182166411343788,6.4881350214299,-3.60802115267051,0.0003536339241536,0.0404936639527671,-2.08500845276588,0.0204585755318142,Gene,DLPFC
ANKRD30B|ENSG00000180777.15,chr18,14728272,14854667,126396,ENSG00000180777.15,ENSG00000180777,ANKRD30B,0.196921484693063,3.78019730641261,3.90205900042924,0.0001144602609531,0.018583740051215,-0.960638368850177,0.0163559603782672,Gene,DLPFC
IBA57|ENSG00000181873.13,chr1,228165804,228182257,16454,ENSG00000181873.13,ENSG00000181873,IBA57,-0.0752099684970355,3.63276541642067,-3.53688452822916,0.0004595842256522,0.0487543791890141,-2.2684458487114,0.029968442609482,Gene,DLPFC
TDRKH|ENSG00000182134.17,chr1,151770107,151791416,21310,ENSG00000182134.17,ENSG00000182134,TDRKH,0.0780753502194646,4.4887628283684,3.93491065996225,0.0001004579178805,0.0166142421081157,-0.883921584136994,0.0430872454522338,Gene,DLPFC
MXRA7|ENSG00000182534.14,chr17,76672551,76711004,38454,ENSG00000182534.14,ENSG00000182534,MXRA7,0.110557148375376,6.40750325254053,3.54831981461131,0.0004407519274382,0.0475778265313396,-2.29441750631522,0.0705615671589635,Gene,DLPFC
TSPEAR-AS2|ENSG00000182912.6,chr21,44517216,44525952,8737,ENSG00000182912.6,ENSG00000182912,TSPEAR-AS2,-0.954326067156932,-2.15269365777352,-6.82038876106944,4.0186311367193e-11,1.37184732406955e-08,14.1709351137627,0.0323716341323937,Gene,DLPFC
DAZAP2|ENSG00000183283.16,chr12,51238724,51271362,32639,ENSG00000183283.16,ENSG00000183283,DAZAP2,-0.117414600001641,6.41783206104083,-4.17113565536809,3.82937148913678e-05,0.0073887445392206,0.0171063292745366,0.0849149359993069,Gene,DLPFC
H2BC21|ENSG00000184678.11,chr1,149884459,149886682,2224,ENSG00000184678.11,ENSG00000184678,H2BC21,-0.179051400416704,4.11611896289122,-3.61382892703262,0.0003460833787038,0.0400659222815132,-2.03848299510888,0.0854831883500019,Gene,DLPFC
FAM110C|ENSG00000184731.6,chr2,38814,46870,8057,ENSG00000184731.6,ENSG00000184731,FAM110C,0.160725494965745,3.1345866763995,3.93661473689111,9.9777817836656e-05,0.016604899722104,-0.771845428799005,0.0237268562966694,Gene,DLPFC
PLK5|ENSG00000185988.15,chr19,1508023,1536046,28024,ENSG00000185988.15,ENSG00000185988,PLK5,0.207514772081496,0.870460666421429,3.52633301366509,0.0004776275502386,0.0498332359883334,-1.98784347458501,0.0351114373930355,Gene,DLPFC
GPAT2|ENSG00000186281.13,chr2,96021946,96039451,17506,ENSG00000186281.13,ENSG00000186281,GPAT2,0.348114163994398,0.953777862189661,4.53579613150991,7.90357166527364e-06,0.0018299861107064,1.90714850041304,0.0627052628185263,Gene,DLPFC
MESP2|ENSG00000188095.6,chr15,89760591,89778754,18164,ENSG00000188095.6,ENSG00000188095,MESP2,0.269668950852118,-1.35270168346199,3.64956814137004,0.0003028525694306,0.0364407435100474,-1.19548231661059,0.0673918730071832,Gene,DLPFC
C19orf54|ENSG00000188493.15,chr19,40740856,40751553,10698,ENSG00000188493.15,ENSG00000188493,C19orf54,-0.192853619195729,0.916650939525852,-3.64819702438644,0.0003044128813795,0.0364407435100474,-1.58510744542952,0.0994402198311631,Gene,DLPFC
JPT1|ENSG00000189159.16,chr17,75135248,75168281,33034,ENSG00000189159.16,ENSG00000189159,JPT1,0.137916262185251,5.24284760786738,3.58346221665484,0.0003873057668043,0.0429699610529094,-2.17439857804271,0.103810721348681,Gene,DLPFC
BTBD8|ENSG00000189195.15,chr1,92080305,92184725,104421,ENSG00000189195.15,ENSG00000189195,BTBD8,0.136397418520008,8.58281694775881,4.08381284381253,5.49892987492798e-05,0.0100979314330833,-0.275778567843755,0.0158834357095217,Gene,DLPFC
ZNF729|ENSG00000196350.9,chr19,22286441,22317176,30736,ENSG00000196350.9,ENSG00000196350,ZNF729,-0.588649027612359,-2.34522733920235,-4.01360351975878,7.32255892875172e-05,0.0129124355361505,0.283206695588792,0.0556310356768097,Gene,DLPFC
FUT4|ENSG00000196371.4,chr11,94543921,94549895,5975,ENSG00000196371.4,ENSG00000196371,FUT4,-0.119487401280193,2.47180011114713,-3.65309731710538,0.0002988709424638,0.0363062453693665,-1.74903490970543,0.0614291781582416,Gene,DLPFC
ZNF652|ENSG00000198740.9,chr17,49289206,49362473,73268,ENSG00000198740.9,ENSG00000198740,ZNF652,-0.169862495520512,6.40497702948994,-3.79983727038076,0.0001708085156113,0.0252673241399125,-1.4013380020238,0.0869095128297519,Gene,DLPFC
PRC1|ENSG00000198901.14,chr15,90966040,90995629,29590,ENSG00000198901.14,ENSG00000198901,PRC1,0.121287891232387,3.46344942471513,3.73002498486655,0.0002233972043716,0.0308207117140118,-1.56672577255061,0.0718365763742858,Gene,DLPFC
RNU1-124P|ENSG00000200731.1,chr8,43073474,43073618,145,ENSG00000200731.1,ENSG00000200731,RNU1-124P,-0.380515208864076,-2.81506263779289,-3.54392882657332,0.0004478960430134,0.0480892255537095,-1.32454765735154,0.0705626990450193,Gene,DLPFC
PTPN20|ENSG00000204179.11,chr10,46911396,47002488,91093,ENSG00000204179.11,ENSG00000204179,PTPN20,0.341068367176406,3.41851112617692,4.6407450828747,4.92044141561847e-06,0.0012019870970061,2.08305330622653,0.0689232860631896,Gene,DLPFC
ZDBF2|ENSG00000204186.10,chr2,206274663,206314427,39765,ENSG00000204186.10,ENSG00000204186,ZDBF2,0.12052945316167,7.23663740330617,3.53309872505747,0.0004659832666407,0.04904243652507,-2.33013594774429,0.0469150554926656,Gene,DLPFC
DYNLL1P1|ENSG00000205579.3,chr14,81246295,81246563,269,ENSG00000205579.3,ENSG00000205579,DYNLL1P1,0.632924072038401,-2.73113172893097,5.80116386379093,1.47820137781596e-08,4.57675210315181e-06,8.60919142583957,0.041725316728285,Gene,DLPFC
LINC01597|ENSG00000205611.5,chr20,30278906,30289956,11051,ENSG00000205611.5,ENSG00000205611,LINC01597,1.24697624411303,0.561250367586447,10.1312088106547,2.5746892452333202e-21,1.2695601950523699e-18,37.0591187288597,0.064900599697477,Gene,DLPFC
RNVU1-15|ENSG00000207205.1,chr1,144412576,144412740,165,ENSG00000207205.1,ENSG00000207205,RNVU1-15,0.408540307032958,-1.29436967183589,3.58665658778324,0.0003827618351509,0.0428116330563464,-1.40996846677505,0.0257745004296931,Gene,DLPFC
EWSAT1|ENSG00000212766.9,chr15,69072926,69095820,22895,ENSG00000212766.9,ENSG00000212766,EWSAT1,0.471089828151713,-0.93163275690482,5.11643782876975,5.1516535908461e-07,0.0001443927159615,4.83629404402301,0.0682229015284744,Gene,DLPFC
PDCL3P5|ENSG00000213089.4,chr6,150827663,150828384,722,ENSG00000213089.4,ENSG00000213089,PDCL3P5,-0.490388155669953,-0.725920273710828,-6.81610978016233,4.1256133746812396e-11,1.39054059908402e-08,13.937816889662,0.022159175889131,Gene,DLPFC
ENSG00000213252|ENSG00000213252.3,chr11,106826392,106827890,1499,ENSG00000213252.3,ENSG00000213252,ENSG00000213252,-0.50106640864703,0.103157817215812,-8.80915293758916,6.02457165329224e-17,2.62977490839692e-14,27.0619088854322,0.0808349839889844,Gene,DLPFC
YBX1P10|ENSG00000213866.3,chr9,35971344,35972318,975,ENSG00000213866.3,ENSG00000213866,YBX1P10,3.72229772911941,-1.86154636207994,32.1875656915289,1.81205813159682e-106,1.26972820710602e-103,231.760544025597,0.0599861276397113,Gene,DLPFC
RCN1P2|ENSG00000214455.4,chr13,45390353,45391267,915,ENSG00000214455.4,ENSG00000214455,RCN1P2,-0.847283389357916,-0.706282216161692,-6.05417289796232,3.6484875039699803e-09,1.15652710438344e-06,9.5407289508835,0.0510646158197343,Gene,DLPFC
ZNF727|ENSG00000214652.6,chr7,64045434,64085339,39906,ENSG00000214652.6,ENSG00000214652,ZNF727,-0.308564702945023,5.21468484099417,-3.95581878672033,9.24091897287427e-05,0.0156724808592817,-0.82320324577229,0.0636188096713829,Gene,DLPFC
RPS10P3|ENSG00000217716.3,chr9,88016300,88016793,494,ENSG00000217716.3,ENSG00000217716,RPS10P3,-4.63387837368937,-0.790393488105575,-67.0050027593295,2.87485877222906e-201,1.27581440880239e-197,449.265784278728,0.0774366238729211,Gene,DLPFC
TRIM60P17|ENSG00000223558.1,chr7,64085560,64086576,1017,ENSG00000223558.1,ENSG00000223558,TRIM60P17,-0.364662075936142,-1.01524034235906,-4.18930500014006,3.54886160925634e-05,0.0069482013286521,0.729043507890101,0.055706984264734,Gene,DLPFC
ENSG00000223838|ENSG00000223838.2,chr7,19353531,19578606,225076,ENSG00000223838.2,ENSG00000223838,ENSG00000223838,-0.475539831901585,-1.97269857977636,-4.73003401250907,3.2651935163333e-06,0.000828021978661,3.18654536352579,0.0434128446390833,Gene,DLPFC
CALCRL-AS1|ENSG00000224063.6,chr2,187003220,187556288,553069,ENSG00000224063.6,ENSG00000224063,CALCRL-AS1,0.629517082931786,-2.29579530830288,5.18598605124268,3.64991529836452e-07,0.0001045013920962,5.42814208915731,0.0711222890602989,Gene,DLPFC
ENSG00000225451|ENSG00000225451.1,chr7,63876341,63877350,1010,ENSG00000225451.1,ENSG00000225451,ENSG00000225451,-0.678319709451849,-1.88194929187472,-4.05995991175948,6.06364492982906e-05,0.0110586762703122,0.363767089701305,0.156800249975915,Gene,DLPFC
PROSER2-AS1|ENSG00000225778.5,chr10,11849608,11894700,45093,ENSG00000225778.5,ENSG00000225778,PROSER2-AS1,-0.317406579361723,-1.24177613941966,-3.68670421085438,0.0002633452295766,0.0339127273745141,-1.11810888268217,0.0213214077384033,Gene,DLPFC
RPL26P19|ENSG00000226221.1,chr5,56504635,56505072,438,ENSG00000226221.1,ENSG00000226221,RPL26P19,-3.41729992049826,-1.9466286022389,-39.2807339950653,4.10687079313792e-130,3.3137469275419198e-127,286.589114920977,0.0617246656307098,Gene,DLPFC
LINC02848|ENSG00000226581.4,chr7,63900313,63925202,24890,ENSG00000226581.4,ENSG00000226581,LINC02848,-0.31603446846095,1.62689653219938,-4.87816159587047,1.63096024477491e-06,0.0004342757843762,3.31275671573318,0.0883463630423737,Gene,DLPFC
CEP164P1|ENSG00000226937.9,chr10,45002222,45076066,73845,ENSG00000226937.9,ENSG00000226937,CEP164P1,0.918894108776799,-3.04330211934394,4.87428731610146,1.66120499275704e-06,0.0004379495578429,4.11381428056859,0.0245385908727249,Gene,DLPFC
ENSG00000227745|ENSG00000227745.1,chr2,132132856,132139429,6574,ENSG00000227745.1,ENSG00000227745,ENSG00000227745,0.777926733858423,1.03245886552998,3.68651792235186,0.0002635307071641,0.0339127273745141,-1.40951607449952,0.07454100025396,Gene,DLPFC
ENSG00000228162|ENSG00000228162.2,chr2,234438328,234462127,23800,ENSG00000228162.2,ENSG00000228162,ENSG00000228162,0.486939881705799,-2.364531160864,3.67685805209034,0.0002733188466497,0.0348213441614476,-0.887991837606691,0.0784670282372985,Gene,DLPFC
GRASLND|ENSG00000228203.8,chr2,6911754,6918734,6981,ENSG00000228203.8,ENSG00000228203,GRASLND,0.210044456584293,4.23118222862156,3.92341759245829,0.0001051608927643,0.0172846857508383,-0.911409821347494,0.0553759533672115,Gene,DLPFC
MIR646HG|ENSG00000228340.8,chr20,60087661,60653784,566124,ENSG00000228340.8,ENSG00000228340,MIR646HG,-0.350773167803549,2.81937273506447,-4.48311195542551,9.99323756568968e-06,0.002254999463234,1.43629444079109,0.0800609222095338,Gene,DLPFC
SPNS2-AS1|ENSG00000229782.1,chr17,4497394,4499674,2281,ENSG00000229782.1,ENSG00000229782,SPNS2-AS1,0.247610705193574,-1.48910125326597,3.52944544514574,0.0004722373770995,0.0495049788977541,-1.58316979887645,0.0820330681890914,Gene,DLPFC
ENSG00000230387|ENSG00000230387.5,chr20,23179272,23190419,11148,ENSG00000230387.5,ENSG00000230387,ENSG00000230387,0.476319710512699,-1.33146534714034,3.81884273056373,0.0001586611487888,0.0238681944000048,-0.570223595834019,0.0846709552348021,Gene,DLPFC
ENSG00000230725|ENSG00000230725.6,chr20,25139652,25149372,9721,ENSG00000230725.6,ENSG00000230725,ENSG00000230725,0.277247200325461,0.305373920136188,3.76099530005361,0.0001984187976687,0.0281026453485361,-1.07479631202051,0.0605242126999973,Gene,DLPFC
FAM242A|ENSG00000231934.2,chr20,30323367,30362276,38910,ENSG00000231934.2,ENSG00000231934,FAM242A,0.894164033020904,-2.66271186770779,5.19226005581992,3.53755006214598e-07,0.0001023851581573,5.53903903013049,0.0867255879346469,Gene,DLPFC
ENSG00000232411|ENSG00000232411.1,chr2,165833048,165839098,6051,ENSG00000232411.1,ENSG00000232411,ENSG00000232411,0.306826558352198,-1.7269606255446,3.59013333074192,0.0003778731276528,0.0426340159746294,-1.33045926208772,0.0805858985681531,Gene,DLPFC
RSU1P2|ENSG00000232554.9,chr10,45099487,45154606,55120,ENSG00000232554.9,ENSG00000232554,RSU1P2,0.796533168457684,-2.55844316152467,4.67043581628339,4.29622481656613e-06,0.0010691175531841,3.10460846310307,0.0188670880747437,Gene,DLPFC
EEF1A1P6|ENSG00000233476.3,chr7,22510616,22511999,1384,ENSG00000233476.3,ENSG00000233476,EEF1A1P6,2.28745520628639,1.87002103725517,28.9153354886915,1.20493953609165e-94,8.020981256878109e-92,205.403660452186,0.0717169368749125,Gene,DLPFC
LINC02645|ENSG00000234170.6,chr10,2368561,2502200,133640,ENSG00000234170.6,ENSG00000234170,LINC02645,0.847760667682817,-1.89077531722168,4.5365483423547,7.87701665235351e-06,0.0018299861107064,2.40788898548985,0.0346383756923844,Gene,DLPFC
ANAPC1P4|ENSG00000234231.4,chr2,87700984,87738105,37122,ENSG00000234231.4,ENSG00000234231,ANAPC1P4,0.132093368089838,1.97626662715204,3.86951570153864,0.0001301401142718,0.0201375055741803,-0.898367351848952,0.0482141416500747,Gene,DLPFC
NPIPB2|ENSG00000234719.9,chr16,11927259,11976643,49385,ENSG00000234719.9,ENSG00000234719,NPIPB2,0.698285477974403,-0.964762981589402,3.7965117292294,0.0001730223618156,0.0254534056799187,-0.73832285203696,0.0566002833954492,Gene,DLPFC
ENSG00000235281|ENSG00000235281.2,chr10,2501600,2618739,117140,ENSG00000235281.2,ENSG00000235281,ENSG00000235281,0.840259207327972,-1.48316855071549,4.05664413870612,6.14638026682627e-05,0.0111333107050873,0.372526868743691,0.0584778046047689,Gene,DLPFC
SMIM2-IT1|ENSG00000235285.1,chr13,44146470,44158222,11753,ENSG00000235285.1,ENSG00000235285,SMIM2-IT1,0.468671147680906,-2.73511552629667,3.97692028952212,8.49086481753638e-05,0.0145862101610672,0.280077534089831,0.10770611493731,Gene,DLPFC
HSPB1P1|ENSG00000236060.2,chr9,72007881,72008136,256,ENSG00000236060.2,ENSG00000236060,HSPB1P1,1.88968124618331,-2.35446585210988,11.1215254844817,8.501132048400421e-25,4.715825896932459e-22,45.4299920738888,0.102714650735865,Gene,DLPFC
B3GNT9|ENSG00000237172.4,chr16,67148104,67150998,2895,ENSG00000237172.4,ENSG00000237172,B3GNT9,-0.183624815937166,2.12852509275209,-3.98137368711619,8.34012974255039e-05,0.0144203009516162,-0.50964953000139,0.0280132455359071,Gene,DLPFC
ENSG00000237268|ENSG00000237268.3,chr7,56421857,56448411,26555,ENSG00000237268.3,ENSG00000237268,ENSG00000237268,-0.884548900975139,-0.659694478034718,-4.96502821953887,1.07694012645299e-06,0.0002926090280312,3.98819255278257,0.029475545281571,Gene,DLPFC
MLLT10P1|ENSG00000238151.1,chr20,30403123,30403384,262,ENSG00000238151.1,ENSG00000238151,MLLT10P1,1.08805264870881,-3.21725978311916,5.68169086269469,2.81637415220247e-08,8.61972351157416e-06,8.08830736385635,0.0778206112835676,Gene,DLPFC
ICA1-AS1|ENSG00000244239.1,chr7,8262233,8262821,589,ENSG00000244239.1,ENSG00000244239,ICA1-AS1,0.298042172428833,-0.689171477751381,3.62990528768914,0.0003259651033032,0.0382355630205136,-1.3864179813119,0.0688697779948563,Gene,DLPFC
ENSG00000244313|ENSG00000244313.3,chr11,46428653,46429150,498,ENSG00000244313.3,ENSG00000244313,ENSG00000244313,-0.500945854268264,0.319217867836064,-10.6941965464481,2.82649782432778e-23,1.47570897192894e-20,41.4841958466033,0.0681297535136691,Gene,DLPFC
CRNDE|ENSG00000245694.12,chr16,54845189,54929189,84001,ENSG00000245694.12,ENSG00000245694,CRNDE,-0.359459031394261,-0.0470072076871439,-3.61405937308513,0.0003457869282286,0.0400659222815132,-1.58032928011149,0.0859151160239986,Gene,DLPFC
H2AJ|ENSG00000246705.5,chr12,14774405,14778002,3598,ENSG00000246705.5,ENSG00000246705,H2AJ,-0.246251977703663,1.80983093277714,-4.51834474646375,8.54433657851989e-06,0.00196129353514,1.70107147593107,0.0332719960038816,Gene,DLPFC
NRAV|ENSG00000248008.5,chr12,120488079,120495954,7876,ENSG00000248008.5,ENSG00000248008,NRAV,0.136847355586405,4.04995335498474,4.14931834338587,4.19415732773343e-05,0.0080343760550761,-0.0299016747386851,0.0668994096874336,Gene,DLPFC
LINC00939|ENSG00000249267.8,chr12,125958688,125983665,24978,ENSG00000249267.8,ENSG00000249267,LINC00939,0.515205933727866,-2.6524540280732,3.66828640737385,0.0002822898933309,0.0355750486160874,-0.863864250121801,0.0653361441435973,Gene,DLPFC
EEF1A1P19|ENSG00000249855.1,chr5,43495073,43496454,1382,ENSG00000249855.1,ENSG00000249855,EEF1A1P19,0.595803079909048,0.268293985639372,10.6052911258568,5.810628942147541e-23,2.91923805363325e-20,40.8168387077716,0.0298298007851223,Gene,DLPFC
NOX5|ENSG00000255346.10,chr15,68930525,69062762,132238,ENSG00000255346.10,ENSG00000255346,NOX5,0.897470974851913,0.222459118257318,8.55112730628572,3.89135065241965e-16,1.6446824416186998e-13,25.2656238994483,0.0171217255208755,Gene,DLPFC
PABPC1P4|ENSG00000255642.1,chr12,63822021,63823895,1875,ENSG00000255642.1,ENSG00000255642,PABPC1P4,0.186735085091385,1.73327068732156,4.23907795199556,2.87730424812777e-05,0.0058483954362517,0.565917063741402,0.0706382989448361,Gene,DLPFC
CABP1-DT|ENSG00000256008.3,chr12,120628830,120641591,12762,ENSG00000256008.3,ENSG00000256008,CABP1-DT,0.231374829811132,2.04880478201812,3.76221373802202,0.000197492134071,0.0281026453485361,-1.2938495949561,0.0643309370952879,Gene,DLPFC
TCP1P3|ENSG00000256849.1,chr12,19941521,19943018,1498,ENSG00000256849.1,ENSG00000256849,TCP1P3,0.763311317913502,-1.05543656275613,9.59994541697604,1.61436043774657e-19,7.67599560283533e-17,33.1650862842173,0.0318245043290892,Gene,DLPFC
LINC02282|ENSG00000257056.3,chr14,28782909,28785798,2890,ENSG00000257056.3,ENSG00000257056,LINC02282,0.248591040122522,-0.874641735791355,3.67235655836914,0.0002779960854258,0.0352485798411165,-1.21069533389234,0.0168121779729596,Gene,DLPFC
SPESP1|ENSG00000258484.4,chr15,68818221,68946811,128591,ENSG00000258484.4,ENSG00000258484,SPESP1,0.835839358321293,-0.375408972948375,7.7816476881146,8.19811382356014e-14,3.25807726537218e-11,20.0799684688363,0.0231768441640746,Gene,DLPFC
LINC02296|ENSG00000258859.1,chr14,87353070,87573022,219953,ENSG00000258859.1,ENSG00000258859,LINC02296,0.377996735096083,0.771898908146206,4.35196610342585,1.77468548451062e-05,0.0037803640316851,1.15591319775679,0.0542847540167248,Gene,DLPFC
TUBB3|ENSG00000258947.8,chr16,89921392,89938761,17370,ENSG00000258947.8,ENSG00000258947,TUBB3,0.185087496783658,6.76615190019812,3.56691080932142,0.0004116717046102,0.0451093929162826,-2.22441898579241,0.0645226487275884,Gene,DLPFC
ENSG00000261600|ENSG00000261600.1,chr2,91580336,91580863,528,ENSG00000261600.1,ENSG00000261600,ENSG00000261600,-0.96067159372788,-1.7681791587972,-7.71965176071741,1.2433480866973499e-13,4.86862198595445e-11,19.8036410207131,0.0252215837350381,Gene,DLPFC
ENSG00000264956|ENSG00000264956.2,chr17,22266395,22288301,21907,ENSG00000264956.2,ENSG00000264956,ENSG00000264956,0.62432100387802,-2.85202873145788,4.0185951449533,7.1759209979922e-05,0.0128237079472173,0.469917134738807,0.0593319542088566,Gene,DLPFC
UBL5P2|ENSG00000266282.1,chr17,32227890,32228108,219,ENSG00000266282.1,ENSG00000266282,UBL5P2,4.63971685817779,-2.8846550600012,38.1369037636944,1.76587964689345e-126,1.30611325993977e-123,276.655609334884,0.0579055514770779,Gene,DLPFC
NBPF15|ENSG00000266338.7,chr1,144421390,144461676,40287,ENSG00000266338.7,ENSG00000266338,NBPF15,0.168837845885411,3.72058054076047,4.84006467034253,1.95294724876716e-06,0.0005098149646365,2.93586080454806,0.0399364356105532,Gene,DLPFC
GP6-AS1|ENSG00000267265.6,chr19,55006193,55048086,41894,ENSG00000267265.6,ENSG00000267265,GP6-AS1,-0.803839390372929,-0.775520555767267,-5.3035519484007,2.02139037599553e-07,6.04759118445315e-05,5.63547898672707,0.0261206237377362,Gene,DLPFC
ZNF571-AS1|ENSG00000267470.6,chr19,37548914,37587348,38435,ENSG00000267470.6,ENSG00000267470,ZNF571-AS1,-0.14369227248353,2.27191118863152,-3.78814620577385,0.0001787118195865,0.0258696008180546,-1.24411198285009,0.063757622478436,Gene,DLPFC
ENSG00000268686|ENSG00000268686.2,chr19,49368558,49388091,19534,ENSG00000268686.2,ENSG00000268686,ENSG00000268686,0.361948381631442,-0.683995879583366,4.23270841758302,2.95592407485528e-05,0.0059626810864523,0.894567494115412,0.0939258254326744,Gene,DLPFC
ZNF728|ENSG00000269067.2,chr19,22974883,23003176,28294,ENSG00000269067.2,ENSG00000269067,ZNF728,-0.255144388548705,1.76962692178468,-3.55637175448356,0.0004279282187575,0.0465079374728905,-2.00718794751166,0.0878449542193812,Gene,DLPFC
ENSG00000273851|ENSG00000273851.1,chr15,69022230,69024176,1947,ENSG00000273851.1,ENSG00000273851,ENSG00000273851,0.866090904621557,-1.71595789277154,6.32467429164346,7.77594596439508e-10,2.525001380414e-07,11.3137904609258,0.0481846272243005,Gene,DLPFC
FGD5P1|ENSG00000275340.1,chr3,13933056,13937477,4422,ENSG00000275340.1,ENSG00000275340,FGD5P1,0.295658338458456,0.602174076668003,4.75083861460716,2.96496490099627e-06,0.0007591165424887,2.88797341342677,0.107653144172289,Gene,DLPFC
ANKRD20A21P|ENSG00000277112.3,chr20,30656033,30723932,67900,ENSG00000277112.3,ENSG00000277112,ANKRD20A21P,0.916577903462772,-1.10356997590267,6.07239322013971,3.29299403985506e-09,1.0564162927617e-06,9.8062145334637,0.0735893335788166,Gene,DLPFC
ENSG00000277715|ENSG00000277715.1,chr12,106250759,106252786,2028,ENSG00000277715.1,ENSG00000277715,ENSG00000277715,0.129373101272228,1.27309450676299,3.68640850022126,0.0002636397103137,0.0339127273745141,-1.4788525044424,0.0172638388893743,Gene,DLPFC
ENSG00000279075|ENSG00000279075.1,chr5,8458842,8459183,342,ENSG00000279075.1,ENSG00000279075,ENSG00000279075,0.382717303433927,-2.64274812002487,3.58559181546791,0.0003842708641779,0.0428116330563464,-1.16500269407122,0.0586110877857027,Gene,DLPFC
ENSG00000280422|ENSG00000280422.1,chr3,51951849,51953902,2054,ENSG00000280422.1,ENSG00000280422,ENSG00000280422,-0.240591996545248,0.0337596285645832,-3.69235029233287,0.0002577816940586,0.0339127273745141,-1.31796315842015,0.115655051071512,Gene,DLPFC
FRG1CP|ENSG00000282826.4,chr20,28563850,28602858,39009,ENSG00000282826.4,ENSG00000282826,FRG1CP,0.549836641941591,5.30380640376894,8.89498033629862,3.21485869433258e-17,1.4267007075665602e-14,27.2450379174332,0.0542936818427374,Gene,DLPFC
ZNF285DP|ENSG00000283443.2,chr20,30537597,30556427,18831,ENSG00000283443.2,ENSG00000283443,ZNF285DP,1.33916377850137,1.49967353905169,9.3729038687063,9.11126924020354e-19,4.18285803549827e-16,31.1263507283354,0.110458977488848,Gene,DLPFC
ENSG00000285919|ENSG00000285919.1,chr15,68880663,68928941,48279,ENSG00000285919.1,ENSG00000285919,ENSG00000285919,1.08065956396409,-3.08393735123586,6.60396922067401,1.49491503639831e-10,4.97563783427223e-08,13.1665202063209,0.0316459637306758,Gene,DLPFC
ENSG00000286358|ENSG00000286358.1,chr2,193170704,193172765,2062,ENSG00000286358.1,ENSG00000286358,ENSG00000286358,0.548724631567283,-1.24440303399132,3.65332321159634,0.0002986177715959,0.0363062453693665,-1.17319982996744,0.0268758475254389,Gene,DLPFC
ENSG00000286381|ENSG00000286381.1,chr22,49047484,49052549,5066,ENSG00000286381.1,ENSG00000286381,ENSG00000286381,-0.702816308137003,0.294366211115178,-3.7008079124276,0.0002496544267121,0.0333681652402694,-1.33767659831942,0.0296184231944358,Gene,DLPFC
ENSG00000286404|ENSG00000286404.1,chr7,54721724,54731047,9324,ENSG00000286404.1,ENSG00000286404,ENSG00000286404,0.55039204785098,-2.77294963368031,4.38787737916583,1.51852655758007e-05,0.0032607908587648,1.92003092711481,0.0701688334799781,Gene,DLPFC
ENSG00000286406|ENSG00000286406.1,chr22,11827523,11910358,82836,ENSG00000286406.1,ENSG00000286406,ENSG00000286406,-1.12536266794643,-2.71795620921993,-7.0917210776736,7.41362490133285e-12,2.66760257091608e-09,15.9326478835458,0.0656744723048291,Gene,DLPFC
ENSG00000287088|ENSG00000287088.1,chr21,44530172,44533145,2974,ENSG00000287088.1,ENSG00000287088,ENSG00000287088,-0.837081304641336,-3.0815991926674,-5.07303508216652,6.37575287069635e-07,0.0001768408038417,4.90859339624387,0.0710828398206791,Gene,DLPFC
ENSG00000287263|ENSG00000287263.3,chr5,42983636,42993340,9705,ENSG00000287263.3,ENSG00000287263,ENSG00000287263,-0.346623385068123,-0.793813125933757,-4.46435710708147,1.08578097590092e-05,0.0024295033651524,1.82165026871739,0.0179652236813398,Gene,DLPFC
ENSG00000287737|ENSG00000287737.3,chr17,82273748,82279645,5898,ENSG00000287737.3,ENSG00000287737,ENSG00000287737,0.120842899298047,1.8199543619153,3.6881133431953,0.0002619462072575,0.0339127273745141,-1.53980860995215,0.0758243516792598,Gene,DLPFC
ENSG00000288068|ENSG00000288068.1,chr15,68985795,68998679,12885,ENSG00000288068.1,ENSG00000288068,ENSG00000288068,0.935829409473669,-1.26033309847957,7.14610737579679,5.25336992224065e-12,1.91618467013016e-09,16.1298546218358,0.0182069908385596,Gene,DLPFC
ENSG00000289477|ENSG00000289477.2,chr8,142579023,142582888,3866,ENSG00000289477.2,ENSG00000289477,ENSG00000289477,0.413344065903678,0.799513884180672,3.62509372587203,0.0003318680882794,0.0387572438009565,-1.62282122458401,0.0539890805802479,Gene,DLPFC
