cluster_name	N_SNPS	eQTL_PIP	GWAS_PIP	GWAS_PIP_prior	RCP	Tissue
ENSG00000138311:1	17	0.9965	0.0002355	0.0002827	0.0001874	Caudate
ENSG00000288011:1	5	0.9871	0.0001417	0.000252	0.0001986	Caudate
ENSG00000181915:1	24	0.9552	0.0006599	0.0004946	0.0002129	Caudate
ENSG00000287475:1	5	1	0.0001207	0.0002728	0.0002302	Caudate
ENSG00000235100:1	47	0.998	0.0007474	0.0004707	0.0001472	Caudate
ENSG00000138182:2	190	0.8317	0.3898	0.2416	0.02891	Caudate
ENSG00000283578:1	146	0.9988	0.1458	0.07911	0.01012	Caudate
ENSG00000076685:1	86	0.04909	0.6614	0.4654	0.004155	Caudate
ENSG00000138172:1	50	0.04204	0.08668	0.04054	0.0003183	Caudate
ENSG00000156374:1	20	0.8731	0.003041	0.001795	0.0004715	Caudate
ENSG00000254664:1	15	0.3322	0.007031	0.003407	0.0003037	Caudate
ENSG00000254427:2	1	1	0.04936	0.3313	0.3313	Caudate
ENSG00000180720:1	9	0.002719	0.03675	0.01667	0.0001027	Caudate
ENSG00000110492:1	57	0.01472	0.09595	0.04515	0.0003896	Caudate
ENSG00000254602:1	40	0.9051	0.0004709	0.0004087	0.0002104	Caudate
ENSG00000149782:1	8	0.001266	0.7277	0.5418	0.0007457	Caudate
ENSG00000257086:1	15	0.9316	0.0004593	0.000475	0.0002853	Caudate
ENSG00000173327:2	7	0.01505	0.01517	0.007324	0.0005969	Caudate
ENSG00000172922:1	2	0.9877	0.02204	0.09845	0.09381	Caudate
ENSG00000172803:1	4	0.9988	0.0009193	0.002612	0.002313	Caudate
ENSG00000173599:2	30	0.07941	0.09653	0.04742	0.002575	Caudate
ENSG00000174080:1	23	0.9892	0.0001553	0.00022	0.0001588	Caudate
ENSG00000255135:2	19	0.00634	0.4862	0.296	0.001731	Caudate
ENSG00000255135:1	1	0.6724	2.77e-05	0.0001817	0.0001777	Caudate
ENSG00000254646:1	47	0.04625	0.8099	0.6567	0.01129	Caudate
ENSG00000064199:1	7	1	0.0001121	0.0002041	0.0001621	Caudate
ENSG00000019102:1	4	0.02921	0.2556	0.1402	0.01024	Caudate
ENSG00000120451:1	1	1	0.00117	0.01106	0.01106	Caudate
ENSG00000149328:1	4	0.9999	0.06636	0.0339	0.003733	Caudate
ENSG00000111652:1	5	0.1892	0.03341	0.0156	0.0006001	Caudate
ENSG00000133687:1	5	0.003241	0.3419	0.1874	0.0009791	Caudate
ENSG00000167588:1	54	0.03589	0.1538	0.07612	0.002047	Caudate
ENSG00000272368:1	32	0.9977	0.01437	0.009876	0.00367	Caudate
ENSG00000050405:1	89	0.9906	0.005028	0.00276	0.0005593	Caudate
ENSG00000135476:1	7	1	8.203e-05	0.0001323	0.0001007	Caudate
ENSG00000205352:1	1	1	0.000123	0.001173	0.001173	Caudate
ENSG00000135390:1	47	0.02878	0.03837	0.01756	0.0002499	Caudate
ENSG00000171759:1	2	0.9999	2.469e-05	0.0001239	0.0001185	Caudate
ENSG00000214198:1	53	0.9999	0.001447	0.0008872	0.0002596	Caudate
ENSG00000111237:1	28	0.6301	0.0006062	0.0004776	0.0002199	Caudate
ENSG00000204852:3	15	0.03695	0.9994	0.9985	0.0008113	Caudate
ENSG00000111725:1	18	0.9934	0.01736	0.01764	0.01045	Caudate
ENSG00000157837:1	64	0.9838	0.04015	0.02599	0.008377	Caudate
ENSG00000256546:1	125	0.105	0.6886	0.4979	0.007737	Caudate
ENSG00000175727:1	31	0.994	0.2276	0.1705	0.06555	Caudate
ENSG00000139719:1	32	0.07119	0.006173	0.002838	0.000106	Caudate
ENSG00000139722:2	14	0.002368	0.9977	0.9949	0.0003425	Caudate
ENSG00000269997:1	77	0.2103	0.4906	0.3089	0.01554	Caudate
ENSG00000256596:2	6	0.003698	0.04643	0.02136	0.0003244	Caudate
ENSG00000269938:1	73	0.6113	0.6976	0.5399	0.07431	Caudate
ENSG00000270061:1	86	0.1498	0.7933	0.6359	0.01936	Caudate
ENSG00000270130:1	75	0.0633	0.4769	0.2894	0.003323	Caudate
ENSG00000250091:1	14	0.9948	0.07049	0.06499	0.0353	Caudate
ENSG00000119242:1	4	0.9874	0.02042	0.07652	0.07132	Caudate
ENSG00000287477:1	6	0.9786	0.0006066	0.001562	0.001357	Caudate
ENSG00000172766:1	2	0.8585	0.006356	0.0166	0.01449	Caudate
ENSG00000179630:1	22	1	0.0104	0.00782	0.003371	Caudate
ENSG00000151773:1	5	1	0.002102	0.00249	0.001637	Caudate
ENSG00000136144:1	21	1	0.8046	0.7299	0.2499	Caudate
ENSG00000227354:3	20	1	0.1583	0.1337	0.06475	Caudate
ENSG00000227354:2	5	1	0.0004732	0.0009637	0.0007914	Caudate
ENSG00000227676:1	10	0.9927	0.0295	0.03984	0.02825	Caudate
ENSG00000102580:1	106	0.06771	0.177	0.08749	0.0008499	Caudate
ENSG00000185352:2	74	0.8529	0.5608	0.4355	0.1227	Caudate
ENSG00000247400:2	17	0.984	0.005691	0.003436	0.0009604	Caudate
ENSG00000102595:1	29	0.8059	0.0247	0.01471	0.003861	Caudate
ENSG00000157326:3	5	0.8779	0.0007452	0.001509	0.001237	Caudate
ENSG00000215256:2	2	0.5147	0.0001212	0.0003373	0.0002976	Caudate
ENSG00000151327:1	12	0.8182	0.001427	0.001307	0.0007092	Caudate
ENSG00000092020:4	4	0.006257	0.01495	0.006907	0.0002589	Caudate
ENSG00000050130:1	1	0.07632	0.005054	0.005597	0.003529	Caudate
ENSG00000126790:1	4	1	6.41e-05	0.0002347	0.0002165	Caudate
ENSG00000126790:2	2	1	4.371e-05	0.0002182	0.0002085	Caudate
ENSG00000151838:1	33	0.9948	0.0002626	0.0002719	0.0001634	Caudate
ENSG00000063761:2	6	0.2271	0.05417	0.0484	0.0255	Caudate
ENSG00000259775:2	1	0.8938	0.111	0.4915	0.486	Caudate
ENSG00000126214:2	105	0.09498	0.6389	0.4406	0.00349	Caudate
ENSG00000269940:2	37	0.9472	0.07909	0.03982	0.003547	Caudate
ENSG00000088808:1	26	0.9999	0.3874	0.3274	0.1461	Caudate
ENSG00000168803:1	3	1	4.604e-05	0.000161	0.0001475	Caudate
ENSG00000168803:4	2	0.3085	0.000619	0.00114	0.0009089	Caudate
ENSG00000137822:1	17	0.7336	0.864	0.7884	0.2039	Caudate
ENSG00000167004:1	3	0.00351	0.03259	0.01504	0.0004035	Caudate
ENSG00000237289:2	16	0.9972	0.8231	0.741	0.2186	Caudate
ENSG00000242866:1	9	0.6988	0.46	0.4474	0.2509	Caudate
ENSG00000242866:3	5	0.3012	0.06241	0.07243	0.04734	Caudate
ENSG00000166763:1	21	0.7415	0.9457	0.912	0.247	Caudate
ENSG00000249839:2	16	0.9902	0.7944	0.7866	0.4427	Caudate
ENSG00000275601:1	22	0.1162	0.9457	0.891	0.05517	Caudate
ENSG00000067369:1	2	0.0008665	0.06051	0.02785	0.000201	Caudate
ENSG00000197535:1	274	0.8936	0.02131	0.01015	0.000656	Caudate
ENSG00000259935:1	3	0.00768	0.006821	0.003129	0.000109	Caudate
ENSG00000245975:1	5	0.009014	0.05418	0.02542	0.0007942	Caudate
ENSG00000137845:1	2	0.9977	0.01837	0.08754	0.08388	Caudate
ENSG00000259735:1	3	0.00909	0.002821	0.001356	0.0001127	Caudate
ENSG00000128923:1	2	1	0.002656	0.01312	0.01254	Caudate
ENSG00000157450:1	28	0.853	0.01458	0.007066	0.0006021	Caudate
ENSG00000157456:1	83	0.1243	0.1214	0.05988	0.002632	Caudate
ENSG00000259429:3	9	0.01662	0.00681	0.003146	0.0001316	Caudate
ENSG00000277741:1	14	0.2872	0.02749	0.01271	0.000399	Caudate
ENSG00000169609:2	7	1	0.0007205	0.001144	0.0008658	Caudate
ENSG00000169612:1	12	0.9999	0.0007277	0.000954	0.0006633	Caudate
ENSG00000169609:1	24	1	0.05756	0.05003	0.02559	Caudate
ENSG00000064726:1	23	0.9016	0.002187	0.001664	0.0007308	Caudate
ENSG00000136404:1	6	0.1982	0.0005576	0.0004761	0.0002408	Caudate
ENSG00000259404:1	147	0.6607	0.05631	0.0276	0.002064	Caudate
ENSG00000259570:1	133	0.9987	0.05539	0.0287	0.003708	Caudate
ENSG00000235370:2	137	0.999	0.0565	0.02635	0.0006162	Caudate
ENSG00000259728:1	148	0.2731	0.2196	0.1124	0.002191	Caudate
ENSG00000259683:1	48	0.9991	0.02102	0.01212	0.002883	Caudate
ENSG00000176371:1	103	0.05739	0.9301	0.8555	0.005986	Caudate
ENSG00000259295:1	60	0.9987	0.5166	0.3846	0.09866	Caudate
ENSG00000289128:1	5	0.03032	0.1252	0.06876	0.01033	Caudate
ENSG00000140534:2	7	0.999	0.1337	0.1388	0.08392	Caudate
ENSG00000261478:2	6	0.9928	0.0356	0.05106	0.03731	Caudate
ENSG00000140564:1	12	0.02414	0.9997	0.9994	0.001754	Caudate
ENSG00000205832:1	20	0.009197	0.4514	0.2673	0.0009797	Caudate
ENSG00000262246:1	3	0.9971	0.001041	0.00162	0.001216	Caudate
ENSG00000217930:1	18	0.01073	0.09093	0.04292	0.0006573	Caudate
ENSG00000103415:1	18	0.9796	0.02479	0.0201	0.009535	Caudate
ENSG00000102858:1	1	0.9932	4.26e-05	0.0004038	0.0004037	Caudate
ENSG00000181625:2	23	0.3125	0.067	0.03669	0.006419	Caudate
ENSG00000174939:1	23	0.8161	0.2122	0.1526	0.05423	Caudate
ENSG00000174938:1	56	0.4495	0.8306	0.7087	0.08134	Caudate
ENSG00000149930:1	19	0.9867	0.5184	0.4413	0.184	Caudate
ENSG00000169592:1	58	0.09462	0.8338	0.6931	0.01339	Caudate
ENSG00000285043:1	4	0.0007227	0.09609	0.04499	0.000148	Caudate
ENSG00000289004:2	63	0.2698	0.831	0.7059	0.07016	Caudate
ENSG00000258122:1	5	0.000727	0.7584	0.5812	0.0003558	Caudate
ENSG00000196123:2	2	0.07372	0.003425	0.002672	0.001214	Caudate
ENSG00000270049:1	11	0.986	0.001449	0.001862	0.001282	Caudate
ENSG00000159714:1	26	0.08335	0.009367	0.004435	0.0002895	Caudate
ENSG00000289164:1	38	0.8302	0.01344	0.00865	0.002813	Caudate
ENSG00000141098:1	3	0.9845	0.001725	0.005954	0.005448	Caudate
ENSG00000262160:1	22	0.7535	0.1015	0.07923	0.03489	Caudate
ENSG00000213398:2	35	0.006701	0.2762	0.1447	0.0005204	Caudate
ENSG00000103067:1	17	0.999	0.1007	0.1197	0.07986	Caudate
ENSG00000103064:1	14	0.7696	0.0005759	0.0004868	0.0002436	Caudate
ENSG00000213398:1	49	0.05431	0.2767	0.15	0.006701	Caudate
ENSG00000259797:1	2	0.000593	0.071	0.0328	0.0001446	Caudate
ENSG00000168807:1	41	0.01695	0.05524	0.02531	0.0001387	Caudate
ENSG00000168802:1	20	0.003827	0.2061	0.1032	0.0003219	Caudate
ENSG00000132612:1	20	1	0.04318	0.03848	0.02024	Caudate
ENSG00000132603:1	37	0.9919	0.2548	0.1722	0.0494	Caudate
ENSG00000167526:1	5	0.9859	8.352e-05	0.0001644	0.0001337	Caudate
ENSG00000167523:1	10	0.1465	0.001937	0.001026	0.0001775	Caudate
ENSG00000187741:2	22	0.9996	0.0004376	0.0003206	0.0001334	Caudate
ENSG00000140995:1	3	0.9539	7.389e-05	0.0003429	0.0003254	Caudate
ENSG00000141013:3	1	0.2506	0.000378	0.001026	0.0009012	Caudate
ENSG00000177946:1	2	1	5.282e-05	0.0002649	0.0002533	Caudate
ENSG00000141013:1	8	0.9899	0.0001039	0.0001794	0.00014	Caudate
ENSG00000222019:1	4	0.9994	6.341e-05	0.0001587	0.000137	Caudate
ENSG00000263707:1	7	0.006183	0.467	0.2811	0.002912	Caudate
ENSG00000006744:1	1	0.9815	0.09479	0.4914	0.4906	Caudate
ENSG00000175662:1	51	0.9585	0.1494	0.09973	0.03134	Caudate
ENSG00000141034:1	107	0.168	0.3287	0.1831	0.006736	Caudate
ENSG00000175662:2	31	0.04077	0.09027	0.04241	0.0004555	Caudate
ENSG00000171962:1	90	0.0695	0.2772	0.1466	0.002117	Caudate
ENSG00000091536:1	9	0.9573	0.02276	0.01923	0.00958	Caudate
ENSG00000263934:1	10	0.003146	1	1	0.001244	Caudate
ENSG00000262074:1	3	1	0.6705	0.4871	0.02719	Caudate
ENSG00000227078:1	7	0.9984	0.0001981	0.000392	0.0003193	Caudate
ENSG00000228331:1	1	0.999	3.035e-05	0.0002893	0.0002893	Caudate
ENSG00000142494:2	10	1	0.001214	0.001761	0.001284	Caudate
ENSG00000225681:1	103	0.02271	0.2927	0.1548	0.0002948	Caudate
ENSG00000278311:1	49	0.9061	0.01125	0.006891	0.001991	Caudate
ENSG00000278535:1	24	0.9441	0.004515	0.0035	0.001576	Caudate
ENSG00000278259:1	6	0.06416	0.3729	0.2237	0.02068	Caudate
ENSG00000277161:1	4	0.0006824	0.1642	0.07998	0.0001073	Caudate
ENSG00000225190:1	135	0.3952	0.01256	0.005982	0.0004173	Caudate
ENSG00000204650:1	1752	0.9917	0.762	0.5884	0.006613	Caudate
ENSG00000264589:3	2612	0.8216	1	1	0.009385	Caudate
ENSG00000266918:2	1663	0.9962	1	1	0.01151	Caudate
ENSG00000186868:1	2387	0.9687	1	1	0.008954	Caudate
ENSG00000120088:1	2460	0.3898	1	1	0.003364	Caudate
ENSG00000204652:1	1516	0.9756	0.8016	0.6438	0.008455	Caudate
ENSG00000263503:1	5	0.8298	0.005081	0.002895	0.0006759	Caudate
ENSG00000214425:1	1040	1	0.6291	0.4322	0.007029	Caudate
ENSG00000285668:2	1556	0.2438	0.9741	0.9435	0.003414	Caudate
ENSG00000264070:1	11	1	0.009645	0.02186	0.01851	Caudate
ENSG00000214425:2	10	0.9998	0.007158	0.009487	0.006639	Caudate
ENSG00000261575:1	230	0.6452	0.09422	0.04582	0.002063	Caudate
ENSG00000264589:1	1	0.9999	0.0002773	0.00264	0.00264	Caudate
ENSG00000176681:1	2	1	3.813e-05	0.0003352	0.0003338	Caudate
ENSG00000238083:2	2	1	3.813e-05	0.0003055	0.0003027	Caudate
ENSG00000120071:1	1	1	0.0001121	0.001068	0.001068	Caudate
ENSG00000228696:2	1	1	0.0001121	0.001068	0.001068	Caudate
ENSG00000262500:1	2	0.9887	0.0001121	0.001038	0.001036	Caudate
ENSG00000266497:1	4	0.6786	0.0001121	0.0003881	0.0003551	Caudate
ENSG00000289729:1	1	1	0.0001121	0.001068	0.001068	Caudate
ENSG00000263142:1	14	0.9799	0.0002841	0.0003353	0.00022	Caudate
ENSG00000154217:1	11	0.03641	0.5011	0.3153	0.01197	Caudate
ENSG00000171246:2	19	0.7739	0.004119	0.002069	0.0002575	Caudate
ENSG00000187650:1	1	0.2955	5.2e-05	0.0001628	0.0001466	Caudate
ENSG00000197256:2	12	0.003386	0.7835	0.6155	0.0009084	Caudate
ENSG00000127616:2	1	0.0002445	0.2065	0.1033	0.0001743	Caudate
ENSG00000129933:1	101	0.05882	0.8896	0.7824	0.008228	Caudate
ENSG00000167491:1	71	0.9888	0.8555	0.7815	0.2202	Caudate
ENSG00000186010:1	18	0.002159	0.2964	0.1572	0.0003231	Caudate
ENSG00000105186:2	24	0.9979	0.01308	0.006924	0.001165	Caudate
ENSG00000186326:1	15	0.7366	0.1641	0.1543	0.08487	Caudate
ENSG00000105523:1	12	0.1476	0.01247	0.006555	0.001062	Caudate
ENSG00000142233:1	1	0.9998	0.009232	0.08165	0.08165	Caudate
ENSG00000176909:1	9	0.2491	0.2795	0.2181	0.08819	Caudate
ENSG00000127903:1	2	0.9879	0.09758	0.3564	0.3414	Caudate
ENSG00000149527:2	10	0.02604	0.8889	0.7807	0.00549	Caudate
ENSG00000007923:1	16	0.9968	0.2999	0.2828	0.1542	Caudate
ENSG00000067208:1	149	0.884	0.9927	0.9856	0.1188	Caudate
ENSG00000122484:1	62	0.9857	0.01573	0.00954	0.002669	Caudate
ENSG00000154511:1	34	0.9254	0.0001947	0.0002004	0.00012	Caudate
ENSG00000122481:2	40	0.9988	0.008016	0.006879	0.003496	Caudate
ENSG00000235501:1	30	0.9808	0.005814	0.003434	0.0009004	Caudate
ENSG00000122481:1	4	1	0.0007665	0.002067	0.001813	Caudate
ENSG00000226026:1	1	0.9999	1.333e-05	0.0001272	0.0001272	Caudate
ENSG00000117569:1	23	0.9822	0.06048	0.05461	0.02906	Caudate
ENSG00000134198:1	1	0.9948	2.061e-05	0.0001957	0.0001956	Caudate
ENSG00000285184:1	38	0.8503	0.07368	0.04902	0.01636	Caudate
ENSG00000285184:2	119	0.2901	0.8239	0.6834	0.03044	Caudate
ENSG00000284738:1	52	0.9986	0.4275	0.3171	0.09632	Caudate
ENSG00000163354:1	3	0.9996	0.0005698	0.001977	0.001809	Caudate
ENSG00000143630:1	6	0.9899	0.0002107	0.0003118	0.0002294	Caudate
ENSG00000163374:2	16	0.7045	0.003057	0.002289	0.0009833	Caudate
ENSG00000163374:1	4	1	0.0003621	0.0008833	0.0007585	Caudate
ENSG00000162753:3	5	0.9998	0.002827	0.01655	0.01606	Caudate
ENSG00000231615:1	7	0.03157	0.002871	0.001436	0.0001738	Caudate
ENSG00000162753:1	24	1	0.01923	0.02263	0.01485	Caudate
ENSG00000183831:1	7	1	0.2464	0.3412	0.258	Caudate
ENSG00000200674:1	63	0.07466	0.01563	0.007103	0.0001419	Caudate
ENSG00000117593:1	27	0.9928	0.007453	0.005666	0.002483	Caudate
ENSG00000270084:1	40	0.8228	0.01051	0.006709	0.002148	Caudate
ENSG00000117601:1	4	1	0.003651	0.009843	0.00864	Caudate
ENSG00000116199:2	30	0.9118	0.002252	0.001592	0.0006255	Caudate
ENSG00000143322:1	55	0.9566	0.002848	0.001664	0.0004239	Caudate
ENSG00000203721:1	13	0.8045	0.8035	0.6899	0.136	Caudate
ENSG00000180667:1	7	0.01678	0.2414	0.1291	0.006919	Caudate
ENSG00000117335:1	10	0.9955	0.04908	0.06114	0.04166	Caudate
ENSG00000101442:1	38	0.9683	0.04879	0.02349	0.001433	Caudate
ENSG00000101452:1	38	0.9977	0.5082	0.3648	0.07837	Caudate
ENSG00000166913:1	30	0.9987	0.2293	0.1561	0.04734	Caudate
ENSG00000286100:1	11	1	0.1745	0.2146	0.1481	Caudate
ENSG00000101104:1	16	0.9996	0.2169	0.215	0.1247	Caudate
ENSG00000101109:2	50	0.06597	0.2746	0.1463	0.003731	Caudate
ENSG00000124134:1	50	0.05445	0.2746	0.1458	0.003138	Caudate
ENSG00000101126:1	3	0.006924	0.01125	0.005421	0.0004427	Caudate
ENSG00000125534:2	1	0.004471	0.04055	0.01953	0.001285	Caudate
ENSG00000197457:1	11	1	0.01548	0.02626	0.02044	Caudate
ENSG00000101246:1	67	0.9532	0.3386	0.2201	0.0459	Caudate
ENSG00000125520:1	20	0.02537	0.02164	0.009876	0.0002077	Caudate
ENSG00000203896:1	47	0.1106	0.292	0.1608	0.008198	Caudate
ENSG00000130584:1	12	0.9999	0.001726	0.00187	0.001161	Caudate
ENSG00000130584:2	3	0.9565	0.001104	0.00394	0.003621	Caudate
ENSG00000101150:1	3	0.9305	0.0004158	0.0002895	0.0001109	Caudate
ENSG00000198276:1	36	0.9976	0.004869	0.003208	0.001104	Caudate
ENSG00000224924:1	6	0.9711	0.2402	0.1963	0.08807	Caudate
ENSG00000100023:1	6	0.3175	0.6928	0.5465	0.09927	Caudate
ENSG00000100034:1	24	0.6128	0.009101	0.007851	0.00401	Caudate
ENSG00000100038:2	26	0.1076	0.008682	0.004387	0.0005605	Caudate
ENSG00000224086:1	1	1	0.0008942	0.008469	0.008469	Caudate
ENSG00000100403:1	1	0.2068	6.032e-05	0.0001401	0.000119	Caudate
ENSG00000205704:1	16	0.9574	0.08366	0.06393	0.02744	Caudate
ENSG00000183066:3	16	0.03269	0.1393	0.06867	0.002197	Caudate
ENSG00000270083:2	51	0.03299	0.05116	0.02356	0.0003075	Caudate
ENSG00000177096:1	73	0.868	0.09348	0.05409	0.01152	Caudate
ENSG00000205702:2	91	0.05636	0.1103	0.05253	0.0006499	Caudate
ENSG00000183172:1	20	0.999	0.02032	0.01847	0.009938	Caudate
ENSG00000198951:1	60	0.9949	0.06832	0.04102	0.01044	Caudate
ENSG00000281538:1	11	0.9977	9.947e-05	0.0001421	0.0001029	Caudate
ENSG00000227370:1	1	0.6432	0.006393	0.03822	0.03721	Caudate
ENSG00000186732:2	19	0.606	0.008695	0.006213	0.002476	Caudate
ENSG00000093000:1	2	0.9834	0.05175	0.2113	0.2016	Caudate
ENSG00000260613:1	6	0.9839	0.0005796	0.001216	0.001007	Caudate
ENSG00000182858:2	5	0.9212	8.98e-05	0.0002241	0.0001934	Caudate
ENSG00000184164:1	24	0.9993	0.2744	0.2332	0.1102	Caudate
ENSG00000100426:1	8	0.9667	0.0004884	0.000344	0.0001344	Caudate
ENSG00000227364:2	3	0.0006197	0.1221	0.05804	0.000172	Caudate
ENSG00000221843:1	11	0.001894	0.07938	0.03681	0.0001266	Caudate
ENSG00000115816:1	28	0.9437	0.339	0.248	0.08136	Caudate
ENSG00000170802:1	19	0.09219	0.09099	0.04999	0.008367	Caudate
ENSG00000243244:3	53	1	0.0007705	0.0004924	0.0001593	Caudate
ENSG00000273063:1	78	0.01603	0.7929	0.6293	0.00226	Caudate
ENSG00000243667:1	15	0.9925	0.0002641	0.0002859	0.0001774	Caudate
ENSG00000273275:1	52	0.9965	0.0008751	0.0005555	0.0001769	Caudate
ENSG00000115946:2	23	0.4025	0.2085	0.1164	0.01425	Caudate
ENSG00000115946:1	9	0.7676	0.2456	0.2194	0.1123	Caudate
ENSG00000116127:1	21	0.9998	0.1125	0.0564	0.00371	Caudate
ENSG00000287250:1	32	0.02466	0.2727	0.1437	0.001949	Caudate
ENSG00000163016:2	17	0.9929	0.0003403	0.0004739	0.0003393	Caudate
ENSG00000163016:4	11	0.002712	0.08758	0.04087	0.0002029	Caudate
ENSG00000124356:1	89	0.04754	0.4141	0.2388	0.001244	Caudate
ENSG00000163016:1	20	0.9996	0.2001	0.1211	0.02511	Caudate
ENSG00000172878:1	63	0.8849	0.000998	0.000543	0.0001068	Caudate
ENSG00000077380:2	45	0.06261	0.04857	0.02235	0.000315	Caudate
ENSG00000115840:1	1	0.002074	0.05389	0.02523	0.0007303	Caudate
ENSG00000138430:1	6	0.9942	0.0001573	0.0003161	0.0002586	Caudate
ENSG00000283839:1	1	0.9998	1.599e-05	0.0001525	0.0001525	Caudate
ENSG00000144381:1	32	0.004477	0.4494	0.2655	0.0005619	Caudate
ENSG00000131374:3	168	0.1527	0.05592	0.02585	0.0003686	Caudate
ENSG00000008226:1	8	0.04267	0.003092	0.001514	0.000153	Caudate
ENSG00000144677:1	18	0.2982	0.6465	0.4924	0.08626	Caudate
ENSG00000185219:1	7	0.6515	0.003917	0.002027	0.0003068	Caudate
ENSG00000186448:1	39	0.91	0.0009555	0.0005985	0.0001847	Caudate
ENSG00000178917:2	1	0.01768	0.09765	0.05381	0.008983	Caudate
ENSG00000163808:2	16	0.1886	0.01472	0.008012	0.001537	Caudate
ENSG00000004534:1	21	0.9806	0.0008133	0.0006804	0.0003367	Caudate
ENSG00000163938:1	10	0.9999	0.3698	0.4735	0.3534	Caudate
ENSG00000279144:1	15	0.9279	0.02031	0.01476	0.006018	Caudate
ENSG00000224479:1	1	1	0.0001721	0.00164	0.00164	Caudate
ENSG00000270562:1	45	0.01485	0.1661	0.08116	0.0003075	Caudate
ENSG00000132394:1	42	0.9971	0.3335	0.2496	0.08776	Caudate
ENSG00000114054:1	20	0.9578	0.0634	0.03666	0.00823	Caudate
ENSG00000261758:1	55	0.9744	0.5197	0.3586	0.05443	Caudate
ENSG00000268129:1	13	0.04934	0.1543	0.08017	0.006326	Caudate
ENSG00000163728:1	39	0.9993	0.4455	0.3243	0.08849	Caudate
ENSG00000205981:1	15	0.004972	0.4499	0.266	0.0007757	Caudate
ENSG00000213123:1	25	0.9967	0.0009416	0.0007185	0.000317	Caudate
ENSG00000185619:2	20	0.8923	0.01287	0.006424	0.0007328	Caudate
ENSG00000249307:1	6	0.00116	0.3787	0.2125	0.0004514	Caudate
ENSG00000145335:1	69	0.5927	0.002523	0.001316	0.0002097	Caudate
ENSG00000247775:1	68	0.9917	0.00249	0.001379	0.0002911	Caudate
ENSG00000248971:1	6	0.9004	0.0001571	0.0004515	0.0004007	Caudate
ENSG00000109323:1	139	0.801	0.3677	0.2189	0.01915	Caudate
ENSG00000164037:1	213	0.9727	0.5681	0.387	0.03229	Caudate
ENSG00000145354:1	135	0.07351	0.3557	0.1976	0.001964	Caudate
ENSG00000109323:2	112	0.5962	0.3018	0.1739	0.01694	Caudate
ENSG00000288921:1	15	0.8192	0.005703	0.009099	0.006908	Caudate
ENSG00000164100:1	7	1	0.004263	0.007127	0.005503	Caudate
ENSG00000213492:1	15	0.8592	0.01913	0.01682	0.008753	Caudate
ENSG00000286269:1	2	1	0.00222	0.01098	0.01049	Caudate
ENSG00000145391:2	3	0.0008838	0.07809	0.03624	0.0001772	Caudate
ENSG00000170185:2	15	0.00269	0.08427	0.03921	0.0001533	Caudate
ENSG00000164114:1	18	0.8065	0.002653	0.002259	0.001139	Caudate
ENSG00000145545:2	30	0.1568	0.007384	0.003578	0.0003174	Caudate
ENSG00000164197:1	175	0.8856	0.654	0.4684	0.02561	Caudate
ENSG00000112893:2	60	0.02282	0.2857	0.1505	0.0004464	Caudate
ENSG00000120733:2	14	0.008536	0.012	0.005439	0.0001071	Caudate
ENSG00000132563:2	12	0.04815	0.02685	0.01321	0.00124	Caudate
ENSG00000254363:1	2	0.008728	0.005475	0.002645	0.0002303	Caudate
ENSG00000113108:2	27	0.006004	0.1171	0.05554	0.0001822	Caudate
ENSG00000113141:1	43	0.03602	0.01415	0.00641	0.0001123	Caudate
ENSG00000146007:1	63	0.06324	0.07467	0.03569	0.001373	Caudate
ENSG00000204961:2	72	0.9998	0.2138	0.1294	0.02605	Caudate
ENSG00000248383:1	15	0.9735	0.0492	0.04755	0.02702	Caudate
ENSG00000055147:1	59	0.853	0.01558	0.008202	0.001328	Caudate
ENSG00000287804:1	17	0.02047	0.01179	0.005454	0.0002244	Caudate
ENSG00000112659:1	1	0.9995	0.01422	0.121	0.121	Caudate
ENSG00000137204:1	5	0.009042	0.1595	0.07953	0.002444	Caudate
ENSG00000146166:3	25	0.2266	0.04697	0.02374	0.002604	Caudate
ENSG00000230910:1	10	0.982	0.000121	0.0001709	0.0001232	Caudate
ENSG00000065609:2	37	0.02681	0.6616	0.4662	0.005441	Caudate
ENSG00000203801:1	16	0.007936	0.2715	0.1422	0.0009382	Caudate
ENSG00000286511:1	16	0.008627	0.2715	0.1422	0.0009274	Caudate
ENSG00000287550:2	8	0.06337	0.001405	0.0007376	0.000122	Caudate
ENSG00000105866:1	40	0.1807	0.9935	0.986	0.04555	Caudate
ENSG00000188732:2	5	0.4763	0.0003299	0.0004771	0.0003474	Caudate
ENSG00000188732:1	6	1	0.00012	0.0003296	0.00029	Caudate
ENSG00000234286:1	5	0.9999	8.402e-05	0.0001911	0.0001614	Caudate
ENSG00000196335:4	50	0.04564	0.9333	0.8624	0.01264	Caudate
ENSG00000183166:1	37	0.3473	0.0008808	0.0004982	0.0001142	Caudate
ENSG00000146830:1	10	0.8031	0.007294	0.00853	0.005569	Caudate
ENSG00000146830:2	13	0.1481	0.4296	0.2813	0.04424	Caudate
ENSG00000172354:1	12	0.05472	0.4056	0.2421	0.01435	Caudate
ENSG00000128594:2	7	0.003584	0.1128	0.05359	0.0004339	Caudate
ENSG00000105894:2	61	0.4821	0.9416	0.889	0.103	Caudate
ENSG00000122778:2	2	0.7873	0.002901	0.01205	0.0113	Caudate
ENSG00000164898:1	15	0.8569	0.01189	0.01077	0.005777	Caudate
ENSG00000236279:3	1	0.000173	0.9278	0.8503	0.0001716	Caudate
ENSG00000253981:1	19	0.8796	0.001237	0.001044	0.0005219	Caudate
ENSG00000173295:1	7	0.9997	0.0003807	0.0007827	0.0006444	Caudate
ENSG00000250305:1	28	0.9991	0.0003483	0.0002655	0.000117	Caudate
ENSG00000250305:2	12	0.7166	0.00108	0.00118	0.0007369	Caudate
ENSG00000289145:4	9	0.01807	0.5645	0.3671	0.004966	Caudate
ENSG00000198791:2	6	0.1805	0.08628	0.04526	0.005692	Caudate
ENSG00000289145:3	2	0.999	0.1368	0.5073	0.4958	Caudate
ENSG00000198791:1	3	0.954	5.86e-05	0.0002388	0.0002232	Caudate
ENSG00000155975:1	3	0.9239	0.0001941	0.0005694	0.0005071	Caudate
ENSG00000003987:1	4	0.04909	0.001483	0.0008354	0.0001884	Caudate
ENSG00000104765:1	14	0.009848	0.8305	0.6853	0.004092	Caudate
ENSG00000228451:2	4	1	0.01111	0.04002	0.03696	Caudate
ENSG00000104228:1	1	0.9917	5.859e-05	0.0005545	0.0005543	Caudate
ENSG00000120899:1	46	0.8677	0.01653	0.009128	0.001854	Caudate
ENSG00000085788:1	127	0.9816	0.719	0.5543	0.05283	Caudate
ENSG00000156735:1	29	0.004396	0.2524	0.1301	0.0003871	Caudate
ENSG00000255487:2	26	0.003245	0.2517	0.1296	0.0002875	Caudate
ENSG00000147535:1	57	0.01841	0.2433	0.125	0.0007962	Caudate
ENSG00000180921:1	2	0.1067	0.0005137	0.0005334	0.0003213	Caudate
ENSG00000203499:2	3	0.9831	0.006914	0.008675	0.005899	Caudate
ENSG00000287222:1	3	0.9958	0.284	0.6497	0.6168	Caudate
ENSG00000147905:3	27	0.0246	0.02633	0.01194	0.0001351	Caudate
ENSG00000188938:2	9	0.2519	0.08492	0.05844	0.02081	Caudate
ENSG00000204352:2	15	0.08238	0.1658	0.08694	0.007113	Caudate
ENSG00000106789:2	48	0.8948	0.01059	0.005628	0.0009726	Caudate
ENSG00000106771:2	16	0.9995	0.0006192	0.0005492	0.000289	Caudate
ENSG00000070061:1	33	0.7894	0.4091	0.2715	0.05107	Caudate
ENSG00000119326:2	2	0.9941	4.03e-05	0.0002092	0.0002007	Caudate
ENSG00000167136:1	3	0.9999	0.005739	0.01604	0.01419	Caudate
ENSG00000095319:1	9	0.8498	0.0001239	0.0001796	0.0001309	Caudate
ENSG00000136802:1	7	0.9996	0.0001092	0.000206	0.0001654	Caudate
ENSG00000171097:1	8	1	0.0001318	0.0002091	0.0001582	Caudate
ENSG00000175287:1	2	1	2.278e-05	0.0001137	0.0001087	Caudate
ENSG00000095321:1	36	0.9913	0.008251	0.005678	0.002121	Caudate
ENSG00000268707:1	60	0.9642	0.02557	0.01454	0.003269	Caudate
ENSG00000225361:1	4	0.3298	0.0002309	0.0002027	0.0001055	Caudate
ENSG00000182010:2	23	0.9654	0.000343	0.0003522	0.0002074	DLPFC
ENSG00000287475:1	5	1	0.0001207	0.0004386	0.0003963	DLPFC
ENSG00000235100:1	47	0.9922	0.0007765	0.0006068	0.0002737	DLPFC
ENSG00000235100:2	35	0.006391	0.07668	0.03532	0.0002131	DLPFC
ENSG00000138182:2	35	0.9859	0.0005834	0.0005555	0.000308	DLPFC
ENSG00000138182:1	5	0.9959	0.005261	0.02054	0.01877	DLPFC
ENSG00000214435:2	6	0.9999	0.01939	0.05763	0.05081	DLPFC
ENSG00000237827:1	102	0.07607	0.744	0.5657	0.01291	DLPFC
ENSG00000173915:1	31	0.1528	0.08984	0.04489	0.003677	DLPFC
ENSG00000148798:1	18	0.5247	0.1416	0.1201	0.05811	DLPFC
ENSG00000138172:1	14	0.9772	0.0006787	0.000753	0.000468	DLPFC
ENSG00000156395:1	8	0.01695	0.002466	0.001215	0.0001368	DLPFC
ENSG00000254664:1	8	0.003363	0.01577	0.007108	0.000139	DLPFC
ENSG00000175224:1	27	0.8196	0.02549	0.01343	0.002175	DLPFC
ENSG00000254602:1	37	0.9499	0.0004668	0.0005693	0.0003748	DLPFC
ENSG00000289486:1	5	0.961	4.029e-05	0.0001419	0.0001276	DLPFC
ENSG00000149743:1	55	0.6513	0.003306	0.002223	0.0007941	DLPFC
ENSG00000257086:1	52	0.9979	0.003661	0.00263	0.001052	DLPFC
ENSG00000173511:1	2	0.8732	0.0002457	0.0004481	0.0003498	DLPFC
ENSG00000173825:1	9	0.001117	0.05198	0.02357	0.0001059	DLPFC
ENSG00000173327:2	8	0.08396	0.4389	0.2901	0.04802	DLPFC
ENSG00000251562:1	11	0.007365	0.317	0.1705	0.001762	DLPFC
ENSG00000149792:2	3	0.001105	0.1987	0.09856	0.0006193	DLPFC
ENSG00000172922:1	10	0.9893	0.04306	0.09913	0.08359	DLPFC
ENSG00000172803:1	2	1	0.0007439	0.006249	0.006086	DLPFC
ENSG00000174165:2	14	0.9649	0.001155	0.001521	0.001042	DLPFC
ENSG00000173599:1	25	0.02099	0.09666	0.04612	0.001421	DLPFC
ENSG00000173227:2	19	0.03925	0.03324	0.01589	0.00109	DLPFC
ENSG00000255135:1	34	0.9113	0.001129	0.0009846	0.0005033	DLPFC
ENSG00000255135:2	11	0.1536	0.3308	0.2229	0.05604	DLPFC
ENSG00000137494:2	90	0.3423	0.03531	0.01768	0.00197	DLPFC
ENSG00000247416:1	7	0.6092	0.0003558	0.0006863	0.000545	DLPFC
ENSG00000110013:1	3	0.9869	2.244e-05	0.0001862	0.0001812	DLPFC
ENSG00000064199:1	7	0.9999	0.0001121	0.0002973	0.0002549	DLPFC
ENSG00000120451:1	1	1	0.00117	0.01892	0.01892	DLPFC
ENSG00000182667:2	15	0.0342	0.002139	0.001211	0.00028	DLPFC
ENSG00000149328:2	6	0.02007	0.006302	0.002869	0.0001004	DLPFC
ENSG00000269892:1	21	0.04726	0.01531	0.006871	0.0001066	DLPFC
ENSG00000139624:3	7	0.0587	0.00132	0.0009785	0.0004106	DLPFC
ENSG00000066084:1	55	0.986	0.0007427	0.0005699	0.0002511	DLPFC
ENSG00000205352:1	1	1	0.000123	0.002021	0.002021	DLPFC
ENSG00000135390:1	13	1	0.0004108	0.0006748	0.0005084	DLPFC
ENSG00000186908:1	94	0.3342	0.002108	0.001039	0.0001173	DLPFC
ENSG00000182050:2	119	0.1767	0.00443	0.002071	0.0001281	DLPFC
ENSG00000282964:1	5	1	6.005e-05	0.0002229	0.000202	DLPFC
ENSG00000171759:1	1	1	1.246e-05	0.000205	0.000205	DLPFC
ENSG00000111696:1	2	1	0.0003903	0.0006962	0.0005396	DLPFC
ENSG00000111237:1	20	0.3617	0.0006131	0.0005647	0.0003041	DLPFC
ENSG00000111725:1	16	0.2075	0.01313	0.008156	0.002439	DLPFC
ENSG00000157837:1	40	0.9994	0.02679	0.02292	0.01144	DLPFC
ENSG00000255946:1	58	0.3701	0.01529	0.007825	0.001102	DLPFC
ENSG00000110931:2	10	0.978	0.0002972	0.0004392	0.0003174	DLPFC
ENSG00000110931:3	2	0.006763	0.1246	0.06005	0.001433	DLPFC
ENSG00000139719:1	19	0.995	0.0008387	0.001006	0.0006558	DLPFC
ENSG00000256546:1	2	0.1008	0.005444	0.008063	0.005839	DLPFC
ENSG00000051825:2	14	0.003004	0.9977	0.9949	0.0006089	DLPFC
ENSG00000111325:1	4	0.6281	0.9982	0.996	0.02841	DLPFC
ENSG00000269938:1	87	0.9728	0.8201	0.7202	0.1655	DLPFC
ENSG00000111364:3	82	0.1188	0.7729	0.6092	0.02709	DLPFC
ENSG00000270061:1	77	0.7036	0.7626	0.6353	0.125	DLPFC
ENSG00000250091:1	9	0.9999	0.09373	0.2212	0.191	DLPFC
ENSG00000270130:1	101	0.1591	0.9543	0.9044	0.02941	DLPFC
ENSG00000287477:1	14	0.9534	0.001386	0.002242	0.00168	DLPFC
ENSG00000151773:1	3	1	0.0004597	0.00314	0.00302	DLPFC
ENSG00000179630:1	1	1	0.0001349	0.002216	0.002216	DLPFC
ENSG00000179630:4	26	0.08411	0.004018	0.001943	0.000184	DLPFC
ENSG00000136144:1	21	1	0.8046	0.8084	0.4751	DLPFC
ENSG00000227354:2	40	1	0.005738	0.005971	0.003551	DLPFC
ENSG00000247400:2	8	1	0.000441	0.001175	0.001009	DLPFC
ENSG00000157326:1	5	1	0.0007452	0.002703	0.002443	DLPFC
ENSG00000187630:2	5	0.9961	0.0007452	0.002698	0.002437	DLPFC
ENSG00000215256:1	10	1	0.0004684	0.0009621	0.0007776	DLPFC
ENSG00000187630:3	2	0.9834	0.0001212	0.001007	0.00098	DLPFC
ENSG00000157326:2	1	1	0.0001659	0.002724	0.002724	DLPFC
ENSG00000092020:1	9	0.9994	0.0001393	0.0003089	0.0002546	DLPFC
ENSG00000168348:1	5	0.003737	0.01203	0.005488	0.0001851	DLPFC
ENSG00000050130:2	2	0.0171	0.01282	0.007101	0.001488	DLPFC
ENSG00000126790:1	6	1	4.559e-05	0.0001418	0.0001252	DLPFC
ENSG00000100678:1	2	0.006575	0.06915	0.03406	0.002682	DLPFC
ENSG00000100731:3	48	0.7266	0.001603	0.001115	0.0004235	DLPFC
ENSG00000100731:1	17	0.2283	0.05918	0.03004	0.003384	DLPFC
ENSG00000259775:1	5	1	0.002089	0.009336	0.008657	DLPFC
ENSG00000100711:1	74	0.02408	0.0524	0.02379	0.0001325	DLPFC
ENSG00000269940:2	69	0.4214	0.7669	0.6262	0.08971	DLPFC
ENSG00000259775:3	70	0.4572	0.1002	0.05785	0.01219	DLPFC
ENSG00000137880:1	1	0.0001607	0.5774	0.3746	0.0001538	DLPFC
ENSG00000273855:1	8	0.2626	0.02686	0.02119	0.009601	DLPFC
ENSG00000168803:1	3	1	4.604e-05	0.0002668	0.0002534	DLPFC
ENSG00000167004:1	16	0.004994	0.7746	0.602	0.002617	DLPFC
ENSG00000140265:2	12	0.9999	0.7966	0.8665	0.6549	DLPFC
ENSG00000092470:1	4	0.4666	0.123	0.09274	0.03798	DLPFC
ENSG00000242866:1	2	1	0.06051	0.3514	0.3422	DLPFC
ENSG00000197535:1	21	0.2336	0.04648	0.02959	0.009098	DLPFC
ENSG00000282100:1	8	0.007026	0.05208	0.02431	0.0008428	DLPFC
ENSG00000137845:1	1	0.9453	0.009485	0.1289	0.1287	DLPFC
ENSG00000128923:1	2	1	0.002656	0.02201	0.02143	DLPFC
ENSG00000157450:1	24	0.9022	0.005637	0.008743	0.006452	DLPFC
ENSG00000157450:2	18	0.08833	0.01128	0.005099	0.0001258	DLPFC
ENSG00000277144:1	9	0.002397	0.04594	0.02082	0.0001671	DLPFC
ENSG00000157470:1	2	0.9859	0.003377	0.02641	0.02565	DLPFC
ENSG00000182774:1	30	0.996	0.2473	0.237	0.1306	DLPFC
ENSG00000156232:1	19	0.09912	0.001895	0.001032	0.000206	DLPFC
ENSG00000169612:1	12	0.9977	0.0007277	0.001177	0.0008819	DLPFC
ENSG00000169609:1	1	1	0.0003111	0.005096	0.005096	DLPFC
ENSG00000169609:2	3	1	0.0002848	0.002093	0.002023	DLPFC
ENSG00000169609:3	7	0.5517	0.0005206	0.0008867	0.0006767	DLPFC
ENSG00000064726:1	1	0.04449	0.0003095	0.0003551	0.0002255	DLPFC
ENSG00000259404:1	145	0.369	0.05584	0.02735	0.002198	DLPFC
ENSG00000259683:1	81	0.9965	0.04422	0.02731	0.007794	DLPFC
ENSG00000256278:1	132	0.479	0.2114	0.1097	0.005205	DLPFC
ENSG00000259511:1	92	1	0.02495	0.01468	0.003732	DLPFC
ENSG00000259570:1	96	0.9829	0.02883	0.01638	0.003678	DLPFC
ENSG00000176371:1	158	0.731	0.9538	0.9104	0.1029	DLPFC
ENSG00000176700:2	36	0.62	0.2986	0.1995	0.05148	DLPFC
ENSG00000177082:2	80	0.9538	0.6443	0.5057	0.1164	DLPFC
ENSG00000259295:1	57	0.9969	0.5229	0.4291	0.1592	DLPFC
ENSG00000261441:1	46	0.9617	0.0003818	0.0002793	0.000115	DLPFC
ENSG00000289128:1	4	0.813	0.1293	0.5552	0.5406	DLPFC
ENSG00000182511:1	3	0.2371	0.0002589	0.0002438	0.0001339	DLPFC
ENSG00000140564:1	2	0.6501	0.9993	0.9994	0.6435	DLPFC
ENSG00000103423:1	31	0.02255	0.5354	0.3384	0.004396	DLPFC
ENSG00000280063:1	17	0.0071	0.3568	0.1966	0.001289	DLPFC
ENSG00000278434:1	8	0.9834	0.3868	0.581	0.4779	DLPFC
ENSG00000153406:2	1	1	0.0003796	0.006212	0.006212	DLPFC
ENSG00000102858:1	2	0.9997	8.415e-05	0.0007184	0.0007002	DLPFC
ENSG00000174939:1	6	0.7143	0.09054	0.06242	0.0221	DLPFC
ENSG00000169592:1	17	0.9855	0.4808	0.5613	0.3938	DLPFC
ENSG00000149926:1	7	0.001036	0.1098	0.05147	0.0002189	DLPFC
ENSG00000102882:1	2	1	2.35e-05	0.0002037	0.0001987	DLPFC
ENSG00000103037:1	33	0.9767	0.3901	0.3583	0.1833	DLPFC
ENSG00000159720:1	87	0.3156	0.003639	0.001727	0.0001321	DLPFC
ENSG00000135740:1	58	0.1165	0.003587	0.001767	0.0001975	DLPFC
ENSG00000141098:2	42	0.3774	0.004689	0.002854	0.0008168	DLPFC
ENSG00000159792:1	37	0.01578	0.0142	0.006377	0.0001071	DLPFC
ENSG00000270049:1	45	0.9732	0.01682	0.01525	0.008083	DLPFC
ENSG00000141098:3	41	0.383	0.01536	0.00836	0.001624	DLPFC
ENSG00000141084:1	36	0.9597	0.01407	0.01346	0.007492	DLPFC
ENSG00000141084:2	30	0.04375	0.0114	0.005346	0.0003292	DLPFC
ENSG00000102904:1	4	0.9903	0.002621	0.01026	0.009371	DLPFC
ENSG00000141098:1	3	0.6165	0.001687	0.006454	0.005874	DLPFC
ENSG00000132600:2	104	0.2807	0.00403	0.002144	0.0003854	DLPFC
ENSG00000213398:2	10	0.001633	0.06276	0.02865	0.00015	DLPFC
ENSG00000132600:1	11	0.293	0.02599	0.06717	0.0578	DLPFC
ENSG00000132603:1	41	0.9594	0.5179	0.4433	0.1861	DLPFC
ENSG00000168807:1	75	0.126	0.5366	0.3415	0.007483	DLPFC
ENSG00000258429:1	42	0.03874	0.2615	0.1381	0.004502	DLPFC
ENSG00000132612:1	21	0.9478	0.2036	0.1701	0.07923	DLPFC
ENSG00000213380:1	6	0.9667	0.02649	0.089	0.08028	DLPFC
ENSG00000167377:1	5	0.2636	0.04086	0.02801	0.01013	DLPFC
ENSG00000180917:2	5	0.001039	0.09677	0.04503	0.0001967	DLPFC
ENSG00000167523:1	22	0.8774	0.002968	0.003571	0.002333	DLPFC
ENSG00000167523:2	13	0.1065	0.001901	0.001125	0.000299	DLPFC
ENSG00000187741:1	4	1	0.0003772	0.00169	0.001566	DLPFC
ENSG00000204991:1	4	0.9848	0.0003772	0.0009818	0.000839	DLPFC
ENSG00000177946:1	2	1	5.282e-05	0.0004486	0.0004371	DLPFC
ENSG00000141013:1	1	0.9686	7.378e-06	0.0001177	0.0001176	DLPFC
ENSG00000006744:1	4	0.9997	0.4262	0.7365	0.6685	DLPFC
ENSG00000263707:1	7	0.2445	0.7647	0.6489	0.1529	DLPFC
ENSG00000006744:2	2	0.03808	0.1698	0.1081	0.02892	DLPFC
ENSG00000133027:2	5	0.001319	0.05259	0.02396	0.0002189	DLPFC
ENSG00000175662:1	2	1	0.004791	0.03052	0.02925	DLPFC
ENSG00000171962:1	22	0.9343	0.04835	0.05408	0.03392	DLPFC
ENSG00000141034:2	26	0.004694	0.1082	0.05075	0.0002561	DLPFC
ENSG00000171962:2	3	0.9337	0.0002891	0.00156	0.001472	DLPFC
ENSG00000265185:2	1	0.000539	0.6684	0.4693	0.0005232	DLPFC
ENSG00000227078:1	5	0.9993	0.0001367	0.0004063	0.0003559	DLPFC
ENSG00000270091:1	115	0.2607	0.6989	0.5126	0.01714	DLPFC
ENSG00000287751:1	46	0.9549	0.0006032	0.0006081	0.0003532	DLPFC
ENSG00000189423:2	128	0.6907	0.2348	0.1283	0.01135	DLPFC
ENSG00000225681:1	64	0.01575	0.2271	0.1144	0.0003938	DLPFC
ENSG00000270091:2	129	0.4298	0.2589	0.1356	0.00338	DLPFC
ENSG00000128487:2	22	0.9689	0.001183	0.0006529	0.0001377	DLPFC
ENSG00000154898:2	89	0.9999	0.00468	0.002789	0.0007539	DLPFC
ENSG00000196535:1	15	0.1665	0.004261	0.002634	0.0007847	DLPFC
ENSG00000277161:1	7	0.03234	0.1647	0.08135	0.001996	DLPFC
ENSG00000278259:1	49	0.9944	0.0106	0.008094	0.003533	DLPFC
ENSG00000278535:1	2	0.9787	0.0005038	0.0005528	0.0003411	DLPFC
ENSG00000159314:1	204	0.7799	0.09236	0.04337	0.000725	DLPFC
ENSG00000120088:1	1922	0.9658	0.7854	0.6203	0.01169	DLPFC
ENSG00000185294:1	2452	0.977	1	1	0.01327	DLPFC
ENSG00000225190:1	1203	0.8447	0.8634	0.7394	0.0176	DLPFC
ENSG00000278770:1	1451	0.9857	0.8219	0.6746	0.017	DLPFC
ENSG00000266918:2	1418	1	0.7716	0.6027	0.01485	DLPFC
ENSG00000204652:1	1925	0.9928	0.9307	0.8567	0.01371	DLPFC
ENSG00000256762:1	178	0.2243	0.09362	0.04513	0.001951	DLPFC
ENSG00000263503:1	1546	0.994	0.7734	0.6053	0.0153	DLPFC
ENSG00000204650:1	1614	0.9957	0.8224	0.6745	0.01456	DLPFC
ENSG00000264070:1	2	0.9533	0.003899	0.03764	0.03698	DLPFC
ENSG00000285668:1	80	0.9736	0.04875	0.03194	0.01047	DLPFC
ENSG00000214425:2	10	1	0.007158	0.01321	0.01037	DLPFC
ENSG00000261575:1	1713	0.9784	0.5071	0.3158	0.007451	DLPFC
ENSG00000176681:2	1590	0.9992	0.3273	0.1784	0.003209	DLPFC
ENSG00000238083:2	8	1	3.813e-05	0.0004891	0.0004853	DLPFC
ENSG00000214401:1	6	1	0.0001121	0.0003563	0.0003156	DLPFC
ENSG00000120071:1	1	0.9999	0.0001121	0.001841	0.001841	DLPFC
ENSG00000228696:2	1	1	0.0001121	0.001841	0.001841	DLPFC
ENSG00000262500:1	1	0.9995	0.0001121	0.00184	0.00184	DLPFC
ENSG00000289729:1	1	1	0.0001121	0.001841	0.001841	DLPFC
ENSG00000263142:1	11	0.9889	0.0002222	0.0004601	0.0003726	DLPFC
ENSG00000108960:1	4	1	0.5871	0.8898	0.8437	DLPFC
ENSG00000159640:1	2	0.9992	0.3941	0.7818	0.7393	DLPFC
ENSG00000154217:1	9	0.0107	0.3804	0.2167	0.006166	DLPFC
ENSG00000278000:1	65	0.9909	0.01032	0.006811	0.002333	DLPFC
ENSG00000187650:1	18	0.9972	0.0004216	0.0005186	0.000343	DLPFC
ENSG00000105519:1	4	0.9881	8.028e-05	0.0003449	0.0003182	DLPFC
ENSG00000197933:1	24	0.9159	0.0002157	0.0002327	0.0001419	DLPFC
ENSG00000167491:1	143	0.9986	0.9215	0.85	0.08029	DLPFC
ENSG00000105186:2	47	0.9996	0.01161	0.008936	0.003937	DLPFC
ENSG00000186326:1	14	0.07616	0.1617	0.08913	0.01244	DLPFC
ENSG00000105186:1	3	1	0.03236	0.1614	0.1532	DLPFC
ENSG00000176909:1	23	0.06476	0.4303	0.2634	0.0201	DLPFC
ENSG00000105538:1	7	0.001119	0.05907	0.02689	0.0001188	DLPFC
ENSG00000142233:1	5	0.998	0.01592	0.08464	0.08029	DLPFC
ENSG00000174951:1	4	1	0.0001325	0.0007087	0.0006684	DLPFC
ENSG00000169169:4	1	0.01491	0.1184	0.06504	0.01027	DLPFC
ENSG00000161681:2	1	0.0007282	0.3768	0.21	0.0006617	DLPFC
ENSG00000286125:1	8	0.2698	0.4905	0.3978	0.1476	DLPFC
ENSG00000007923:2	12	0.003342	0.2488	0.1273	0.0006059	DLPFC
ENSG00000242125:2	12	0.003575	0.1318	0.06294	0.0005943	DLPFC
ENSG00000226476:2	16	0.7684	0.00616	0.007273	0.004702	DLPFC
ENSG00000226476:1	5	0.9973	0.1603	0.4382	0.4019	DLPFC
ENSG00000162433:1	2	0.003824	0.01509	0.006922	0.0002623	DLPFC
ENSG00000067208:2	264	0.03669	0.8781	0.7601	0.003293	DLPFC
ENSG00000154511:1	44	0.9652	0.0005628	0.0004235	0.0001817	DLPFC
ENSG00000172339:1	56	0.9819	0.01297	0.009623	0.004028	DLPFC
ENSG00000122481:2	16	1	0.006865	0.01032	0.007522	DLPFC
ENSG00000152078:1	26	0.2369	0.01327	0.008001	0.002212	DLPFC
ENSG00000122481:1	4	1	0.0001003	0.0004387	0.0004056	DLPFC
ENSG00000287919:1	3	0.9912	4.021e-05	0.00023	0.0002182	DLPFC
ENSG00000143119:1	90	1	0.005032	0.003127	0.0009432	DLPFC
ENSG00000134198:1	24	0.2693	0.01807	0.01073	0.002825	DLPFC
ENSG00000131778:1	1	1	2.599e-05	0.0004276	0.0004276	DLPFC
ENSG00000285184:1	39	0.7591	0.05464	0.04471	0.02107	DLPFC
ENSG00000284738:1	86	0.9793	0.4472	0.3223	0.08428	DLPFC
ENSG00000143537:2	3	0.9996	1.997e-05	0.0001141	0.0001083	DLPFC
ENSG00000143537:1	1	1	6.735e-06	0.0001108	0.0001108	DLPFC
ENSG00000169231:1	2	0.9986	1.787e-05	0.0001528	0.0001489	DLPFC
ENSG00000236263:1	26	0.9557	0.000341	0.0002759	0.0001299	DLPFC
ENSG00000160752:1	4	0.6342	0.0001709	0.0005161	0.0004533	DLPFC
ENSG00000163374:2	14	0.9914	0.002978	0.003809	0.002573	DLPFC
ENSG00000163374:1	4	1	0.0003621	0.001632	0.001514	DLPFC
ENSG00000117592:1	31	0.1995	0.0003122	0.0002563	0.0001228	DLPFC
ENSG00000152061:1	42	0.08422	0.0109	0.004962	0.0001619	DLPFC
ENSG00000117593:1	17	0.6278	0.00484	0.005428	0.003398	DLPFC
ENSG00000203739:2	16	0.09967	0.01609	0.008757	0.001697	DLPFC
ENSG00000183831:1	10	0.9447	0.008287	0.01087	0.007442	DLPFC
ENSG00000120333:2	108	0.508	0.004955	0.002579	0.0004129	DLPFC
ENSG00000143322:1	63	0.9785	0.03589	0.03028	0.01485	DLPFC
ENSG00000162702:1	15	0.004107	0.2706	0.1404	0.0006114	DLPFC
ENSG00000180667:1	2	0.01466	0.166	0.08823	0.008929	DLPFC
ENSG00000117335:2	33	0.991	0.003696	0.003509	0.001941	DLPFC
ENSG00000117335:1	5	0.9999	0.02761	0.1093	0.1009	DLPFC
ENSG00000143499:1	7	0.5421	0.0001679	0.0002829	0.0002151	DLPFC
ENSG00000101452:2	59	0.07976	0.07498	0.03574	0.001523	DLPFC
ENSG00000101447:1	37	0.9908	0.06736	0.07612	0.04816	DLPFC
ENSG00000101452:1	3	0.9849	0.01704	0.07709	0.072	DLPFC
ENSG00000101104:1	16	1	0.2291	0.3011	0.2158	DLPFC
ENSG00000166913:1	37	0.9983	0.4484	0.3697	0.1492	DLPFC
ENSG00000277708:1	18	1	0.2411	0.2842	0.1896	DLPFC
ENSG00000286100:1	8	1	0.1233	0.2605	0.2208	DLPFC
ENSG00000101109:1	48	0.2366	0.2746	0.1593	0.02034	DLPFC
ENSG00000124243:2	6	0.004166	0.1167	0.05566	0.001014	DLPFC
ENSG00000197457:1	26	0.9997	0.03599	0.03732	0.02216	DLPFC
ENSG00000197114:2	83	0.1156	0.3594	0.2057	0.01066	DLPFC
ENSG00000171700:2	4	0.0005643	0.04734	0.02142	0.0001104	DLPFC
ENSG00000101246:1	2	0.951	0.0009202	0.007293	0.007081	DLPFC
ENSG00000203896:1	2	0.9465	0.0005768	0.004832	0.004705	DLPFC
ENSG00000130584:2	8	0.1661	0.002872	0.002198	0.0009645	DLPFC
ENSG00000130584:1	10	0.913	0.001421	0.002569	0.002	DLPFC
ENSG00000101150:1	1	0.9975	0.0001685	0.002759	0.002759	DLPFC
ENSG00000198276:1	29	0.3597	0.005868	0.005764	0.00328	DLPFC
ENSG00000101152:2	11	0.1327	0.002381	0.001453	0.0004194	DLPFC
ENSG00000224924:1	14	0.9708	0.7379	0.7791	0.5204	DLPFC
ENSG00000280604:1	4	0.006307	0.007459	0.003411	0.0001321	DLPFC
ENSG00000234409:1	7	0.9943	4.249e-05	0.0001264	0.0001108	DLPFC
ENSG00000224086:1	1	1	0.0008942	0.01452	0.01452	DLPFC
ENSG00000224086:2	11	0.9634	6.78e-05	0.0001359	0.0001091	DLPFC
ENSG00000198951:2	39	0.05947	0.1636	0.08183	0.003204	DLPFC
ENSG00000205704:1	30	0.9968	0.1396	0.1899	0.136	DLPFC
ENSG00000183066:2	30	1	0.2341	0.213	0.1105	DLPFC
ENSG00000270083:1	28	0.03877	0.07619	0.03538	0.0005344	DLPFC
ENSG00000100207:1	15	0.04301	0.02644	0.0123	0.0005641	DLPFC
ENSG00000100138:1	12	0.001975	0.04109	0.01854	0.0001146	DLPFC
ENSG00000100147:2	75	0.04931	0.1028	0.04898	0.00127	DLPFC
ENSG00000198951:1	53	0.9185	0.05732	0.03182	0.006188	DLPFC
ENSG00000205702:1	56	0.989	0.05451	0.03671	0.01271	DLPFC
ENSG00000100197:1	11	1	0.0001011	0.0002042	0.0001643	DLPFC
ENSG00000281538:1	12	0.9981	0.0001467	0.0002622	0.0002034	DLPFC
ENSG00000177096:1	17	0.183	0.01589	0.01396	0.007175	DLPFC
ENSG00000227370:2	1	0.9676	1.469e-05	0.0002342	0.0002339	DLPFC
ENSG00000233157:1	30	0.04137	0.009593	0.004496	0.0002781	DLPFC
ENSG00000186976:2	41	0.9852	0.001281	0.0009586	0.0004077	DLPFC
ENSG00000226328:2	20	1	0.5144	0.5363	0.3298	DLPFC
ENSG00000093000:1	4	0.9978	0.006777	0.03032	0.02817	DLPFC
ENSG00000184164:1	30	0.6137	0.541	0.4266	0.1339	DLPFC
ENSG00000272054:1	19	0.00454	0.1937	0.09561	0.0004052	DLPFC
ENSG00000003509:1	24	0.01531	0.05509	0.0255	0.0006199	DLPFC
ENSG00000138050:1	9	0.1218	0.02803	0.01558	0.003228	DLPFC
ENSG00000170802:1	1	1	0.04481	0.4357	0.4357	DLPFC
ENSG00000214602:1	7	0.01259	0.009712	0.004498	0.0002257	DLPFC
ENSG00000243244:2	26	0.9839	0.0006822	0.0009838	0.0007036	DLPFC
ENSG00000221823:2	20	0.005991	0.05162	0.02365	0.0003717	DLPFC
ENSG00000243667:1	30	0.9973	0.0005916	0.0005684	0.0003175	DLPFC
ENSG00000116127:1	7	0.972	0.01362	0.0131	0.007318	DLPFC
ENSG00000163016:3	23	0.04937	0.1913	0.09552	0.001787	DLPFC
ENSG00000163016:2	17	0.9996	0.0003403	0.0008435	0.0007135	DLPFC
ENSG00000163016:1	15	1	0.04504	0.04712	0.02817	DLPFC
ENSG00000197635:2	11	0.2765	0.0006878	0.0006141	0.0003213	DLPFC
ENSG00000115840:1	18	0.2772	0.003378	0.001976	0.0005066	DLPFC
ENSG00000077380:1	39	0.02199	0.04736	0.02154	0.0002239	DLPFC
ENSG00000128708:1	34	0.473	0.01443	0.01095	0.004731	DLPFC
ENSG00000172878:2	21	0.2979	0.0102	0.007256	0.002848	DLPFC
ENSG00000138430:1	5	1	0.0001437	0.0005118	0.0004611	DLPFC
ENSG00000172845:2	9	0.002755	0.1412	0.0678	0.0006298	DLPFC
ENSG00000115524:1	17	0.008614	0.1475	0.07155	0.001206	DLPFC
ENSG00000162971:2	61	0.09533	0.8975	0.7976	0.02159	DLPFC
ENSG00000144619:2	17	0.04557	0.5051	0.3122	0.004662	DLPFC
ENSG00000287641:1	31	0.985	0.00711	0.008231	0.005259	DLPFC
ENSG00000163673:1	5	0.0009002	0.2205	0.1106	0.0003634	DLPFC
ENSG00000179152:1	8	0.6548	0.0001427	0.0002511	0.0001938	DLPFC
ENSG00000178252:2	5	0.9995	9.295e-05	0.0002699	0.0002355	DLPFC
ENSG00000178252:1	31	1	0.0001986	0.0002245	0.0001412	DLPFC
ENSG00000004534:1	5	0.9475	0.0002276	0.0008556	0.0007765	DLPFC
ENSG00000164088:2	10	0.8883	0.0002726	0.0005397	0.0004317	DLPFC
ENSG00000163938:1	10	1	0.3698	0.4537	0.3218	DLPFC
ENSG00000114902:2	18	0.357	0.5708	0.3698	0.002576	DLPFC
ENSG00000244632:1	2	0.006321	0.002598	0.001277	0.0001409	DLPFC
ENSG00000224479:1	4	0.9997	0.08704	0.07786	0.0404	DLPFC
ENSG00000163634:1	1	1	0.02877	0.3278	0.3278	DLPFC
ENSG00000114446:1	242	0.9996	0.885	0.7959	0.11	DLPFC
ENSG00000261758:1	75	0.5183	0.9227	0.8513	0.07558	DLPFC
ENSG00000114054:1	27	0.9836	0.534	0.454	0.1847	DLPFC
ENSG00000268129:1	12	0.01026	0.1459	0.07144	0.001977	DLPFC
ENSG00000169251:1	16	0.9171	0.0004806	0.001005	0.0008158	DLPFC
ENSG00000169251:2	87	0.08557	0.4438	0.2658	0.009313	DLPFC
ENSG00000163728:1	36	0.9996	0.4385	0.4053	0.2074	DLPFC
ENSG00000236489:1	4	0.002456	0.04111	0.01876	0.0003377	DLPFC
ENSG00000213123:1	24	0.998	0.0008666	0.000952	0.0005879	DLPFC
ENSG00000163961:2	17	0.004617	0.06889	0.03168	0.0002884	DLPFC
ENSG00000109680:1	69	0.1322	0.02052	0.009935	0.0008681	DLPFC
ENSG00000239983:1	148	0.2681	0.2128	0.1092	0.003783	DLPFC
ENSG00000247775:1	10	0.9912	0.0002662	0.0005401	0.000435	DLPFC
ENSG00000287841:1	25	0.2318	0.1428	0.08769	0.02165	DLPFC
ENSG00000246560:1	7	0.04301	0.0008815	0.0005343	0.0001519	DLPFC
ENSG00000109323:1	158	0.03626	0.4166	0.2397	0.001851	DLPFC
ENSG00000286269:1	1	0.9987	0.001109	0.01792	0.01792	DLPFC
ENSG00000164099:2	23	0.003874	0.1206	0.057	0.0003098	DLPFC
ENSG00000286269:2	51	0.6787	0.3453	0.2359	0.06088	DLPFC
ENSG00000183090:1	3	0.9977	3.5e-05	0.0002128	0.0002029	DLPFC
ENSG00000164114:2	18	0.04371	0.002653	0.001268	0.0001062	DLPFC
ENSG00000145545:2	31	0.1046	0.006988	0.003501	0.0004396	DLPFC
ENSG00000251365:1	20	0.9809	0.1193	0.1389	0.09021	DLPFC
ENSG00000170571:1	5	0.7807	0.02744	0.05839	0.04803	DLPFC
ENSG00000289462:1	62	0.1587	0.1035	0.05104	0.003118	DLPFC
ENSG00000248309:1	13	0.04965	0.003319	0.001563	0.0001088	DLPFC
ENSG00000173930:1	30	0.9997	0.005604	0.005413	0.003037	DLPFC
ENSG00000173930:2	6	0.1642	0.003217	0.002212	0.0008229	DLPFC
ENSG00000112893:1	5	0.4919	0.004081	0.007022	0.005383	DLPFC
ENSG00000120733:1	27	0.04884	0.003021	0.001474	0.0001523	DLPFC
ENSG00000132563:1	7	0.8843	0.02586	0.05821	0.04854	DLPFC
ENSG00000176087:1	1	0.001917	0.005006	0.002343	0.0001466	DLPFC
ENSG00000170458:2	4	0.0009517	0.1509	0.07253	0.0003047	DLPFC
ENSG00000113068:1	74	0.4103	0.001556	0.0007801	0.0001002	DLPFC
ENSG00000120306:1	24	0.9987	0.000205	0.0002245	0.0001384	DLPFC
ENSG00000131495:1	23	0.341	0.005775	0.003	0.0004745	DLPFC
ENSG00000113068:2	26	0.04974	0.006202	0.002849	0.0001258	DLPFC
ENSG00000146007:1	110	0.9868	0.1905	0.1391	0.05165	DLPFC
ENSG00000113141:1	65	0.9533	0.01303	0.006005	0.0002617	DLPFC
ENSG00000112855:1	37	0.889	0.06343	0.05938	0.03232	DLPFC
ENSG00000113209:2	92	0.2993	0.5437	0.3651	0.03443	DLPFC
ENSG00000204961:2	12	1	0.04194	0.06797	0.05146	DLPFC
ENSG00000278915:1	84	0.01661	0.5083	0.313	0.001798	DLPFC
ENSG00000055147:1	49	0.9989	0.1138	0.09048	0.04037	DLPFC
ENSG00000095951:1	7	0.8296	0.001535	0.003481	0.002886	DLPFC
ENSG00000124788:2	3	0.0003926	0.2143	0.107	0.0002302	DLPFC
ENSG00000273703:1	16	0.06062	0.05005	0.02302	0.0004704	DLPFC
ENSG00000112659:1	2	0.9998	0.035	0.2063	0.1989	DLPFC
ENSG00000112667:1	2	0.9163	0.01723	0.1067	0.1026	DLPFC
ENSG00000137204:1	7	0.006916	0.05036	0.02349	0.0008178	DLPFC
ENSG00000118482:1	8	0.07023	0.003293	0.002125	0.0006986	DLPFC
ENSG00000230910:1	10	0.8995	0.0001087	0.0002206	0.0001777	DLPFC
ENSG00000065609:1	34	0.992	0.744	0.7245	0.3839	DLPFC
ENSG00000290011:1	30	0.2817	0.07497	0.04903	0.01566	DLPFC
ENSG00000203801:1	7	0.08175	0.2112	0.1476	0.04894	DLPFC
ENSG00000255389:4	8	1	0.001192	0.002739	0.002278	DLPFC
ENSG00000218689:2	37	0.01125	0.02158	0.009681	0.0001102	DLPFC
ENSG00000219409:1	17	0.06856	0.001888	0.0009756	0.0001512	DLPFC
ENSG00000285726:2	19	0.002847	0.09081	0.04214	0.0002154	DLPFC
ENSG00000287550:2	4	0.9758	0.0009715	0.004191	0.00387	DLPFC
ENSG00000136295:1	1	0.2088	0.1336	0.1999	0.1498	DLPFC
ENSG00000106537:2	3	0.0008341	0.1894	0.0933	0.0004475	DLPFC
ENSG00000188732:1	9	1	0.0002562	0.0005947	0.0004957	DLPFC
ENSG00000234286:1	5	0.9973	8.402e-05	0.0003045	0.000275	DLPFC
ENSG00000085563:1	5	0.002979	0.05114	0.02331	0.0002498	DLPFC
ENSG00000105784:1	17	0.814	0.0009886	0.001305	0.0008956	DLPFC
ENSG00000075303:1	58	0.427	0.004125	0.002284	0.0004861	DLPFC
ENSG00000146830:1	3	0.1536	0.06882	0.0626	0.03312	DLPFC
ENSG00000172354:1	18	0.1577	0.6583	0.4938	0.06825	DLPFC
ENSG00000241357:1	13	0.2344	0.4464	0.3307	0.09678	DLPFC
ENSG00000087077:1	27	0.9857	0.0001722	0.0001738	0.000101	DLPFC
ENSG00000122778:1	2	0.19	6.271e-05	0.0001367	0.0001122	DLPFC
ENSG00000146963:1	1	0.3812	5.611e-05	0.000367	0.0003518	DLPFC
ENSG00000146963:2	16	0.09283	0.01574	0.007309	0.0003615	DLPFC
ENSG00000286934:4	6	0.9985	0.0003112	0.0006643	0.0005424	DLPFC
ENSG00000173295:2	2	1	0.0003166	0.0016	0.001501	DLPFC
ENSG00000173295:1	6	1	0.0003412	0.001657	0.001549	DLPFC
ENSG00000173273:1	5	0.7701	2.746e-05	0.0002026	0.0001958	DLPFC
ENSG00000175806:2	21	0.1633	0.004188	0.002737	0.0009238	DLPFC
ENSG00000198791:1	3	0.925	0.055	0.2427	0.2295	DLPFC
ENSG00000155975:1	14	0.5273	0.5326	0.4112	0.1203	DLPFC
ENSG00000289145:3	8	0.9413	0.0003352	0.0006433	0.00051	DLPFC
ENSG00000198791:2	1	0.03445	0.003655	0.003511	0.001961	DLPFC
ENSG00000289145:2	1	0.9999	4.629e-05	0.0007612	0.0007612	DLPFC
ENSG00000003987:1	2	1	0.01333	0.08655	0.08336	DLPFC
ENSG00000228451:2	5	0.9999	0.01198	0.03433	0.03	DLPFC
ENSG00000104228:1	6	0.9723	0.003434	0.01057	0.009321	DLPFC
ENSG00000104228:3	2	0.02525	0.04977	0.0299	0.007837	DLPFC
ENSG00000147535:2	146	0.05772	0.7794	0.6098	0.005616	DLPFC
ENSG00000085788:1	139	0.9896	0.7948	0.6746	0.1257	DLPFC
ENSG00000172817:1	10	0.2511	0.6659	0.5384	0.1389	DLPFC
ENSG00000250962:1	160	0.1635	0.4013	0.2331	0.008007	DLPFC
ENSG00000104447:1	9	0.8691	7.939e-05	0.0001661	0.0001349	DLPFC
ENSG00000176956:1	3	1	0.004322	0.02432	0.02308	DLPFC
ENSG00000254973:1	22	0.3171	0.00152	0.0009595	0.0003012	DLPFC
ENSG00000180921:1	1	0.9996	0.000184	0.003018	0.003018	DLPFC
ENSG00000287222:1	6	0.9364	0.4667	0.5787	0.4285	DLPFC
ENSG00000147905:3	11	0.002778	0.1692	0.08244	0.0005505	DLPFC
ENSG00000147905:1	36	0.9973	0.02517	0.01917	0.008289	DLPFC
ENSG00000147905:2	5	0.5927	0.002895	0.006937	0.005829	DLPFC
ENSG00000188938:1	4	0.983	0.0382	0.02861	0.01202	DLPFC
ENSG00000095383:2	22	0.9751	0.0001581	0.0001906	0.0001246	DLPFC
ENSG00000119326:1	17	0.08809	0.02544	0.01314	0.0019	DLPFC
ENSG00000106771:2	6	0.06185	0.00105	0.0007028	0.0002492	DLPFC
ENSG00000106771:1	3	0.33	0.0002494	0.000837	0.0007477	DLPFC
ENSG00000198917:1	16	0.8614	0.002971	0.003973	0.002746	DLPFC
ENSG00000167136:1	2	0.1023	0.002741	0.003401	0.002261	DLPFC
ENSG00000167136:3	6	0.8977	0.001261	0.00368	0.003214	DLPFC
ENSG00000167136:2	41	0.9032	0.0006244	0.0004885	0.0002207	DLPFC
ENSG00000136802:1	8	0.9694	0.0001239	0.0003008	0.0002532	DLPFC
ENSG00000171097:1	8	0.8205	0.0001318	0.000273	0.0002211	DLPFC
ENSG00000175287:1	2	1	2.278e-05	0.0001924	0.0001874	DLPFC
ENSG00000175287:2	29	1	0.0003045	0.0002686	0.0001388	DLPFC
ENSG00000095321:1	32	0.9856	0.01453	0.0201	0.01414	DLPFC
ENSG00000188483:1	83	0.4814	0.02721	0.01353	0.00148	DLPFC
ENSG00000171097:2	28	0.02562	0.008304	0.003773	0.0001206	DLPFC
ENSG00000268707:2	1	0.9994	8.015e-06	0.0001318	0.0001318	DLPFC
ENSG00000268707:1	2	0.9994	0.0004855	0.00407	0.003964	DLPFC
ENSG00000231920:1	2	0.02488	0.00259	0.001636	0.0005021	Hippocampus
ENSG00000287475:1	3	0.9961	7.225e-05	0.0004023	0.0003809	Hippocampus
ENSG00000270670:1	194	0.1145	0.39	0.2246	0.005261	Hippocampus
ENSG00000138182:1	161	0.9897	0.1629	0.0912	0.01328	Hippocampus
ENSG00000148798:1	30	0.0295	0.8684	0.7464	0.005385	Hippocampus
ENSG00000138172:1	4	0.7156	0.0001313	0.0004318	0.0003844	Hippocampus
ENSG00000066382:1	11	0.001775	0.08688	0.04061	0.0001984	Hippocampus
ENSG00000181830:1	1	0.01871	0.0008286	0.0006034	0.0002432	Hippocampus
ENSG00000234776:2	10	0.007505	0.03839	0.01792	0.0005771	Hippocampus
ENSG00000156599:1	11	0.001804	0.09896	0.04651	0.0001422	Hippocampus
ENSG00000168005:1	37	0.007792	0.3667	0.2049	0.001098	Hippocampus
ENSG00000257086:1	56	0.9951	0.003536	0.002526	0.0009865	Hippocampus
ENSG00000173511:1	1	0.9057	1.844e-05	0.0002659	0.0002651	Hippocampus
ENSG00000173327:1	8	0.003217	0.01523	0.006958	0.0001607	Hippocampus
ENSG00000172922:1	1	0.9806	0.01079	0.1449	0.1448	Hippocampus
ENSG00000172803:1	2	1	0.0007439	0.002928	0.002674	Hippocampus
ENSG00000255517:1	7	0.1845	0.004284	0.002459	0.0005745	Hippocampus
ENSG00000174080:1	25	0.9888	0.0001765	0.0003647	0.0002948	Hippocampus
ENSG00000173653:1	8	0.6044	0.02008	0.02953	0.02132	Hippocampus
ENSG00000173715:2	28	0.01699	0.08938	0.04244	0.0008516	Hippocampus
ENSG00000173715:1	2	0.988	0.006954	0.04859	0.04695	Hippocampus
ENSG00000173933:1	2	0.003262	0.1358	0.0667	0.001825	Hippocampus
ENSG00000255135:1	29	0.1216	0.733	0.572	0.05308	Hippocampus
ENSG00000137494:2	86	0.03904	0.03205	0.01462	0.0001782	Hippocampus
ENSG00000150768:2	3	0.001219	0.1205	0.05745	0.0002817	Hippocampus
ENSG00000255045:1	1	0.0003653	0.9135	0.8239	0.0003632	Hippocampus
ENSG00000064199:1	8	0.9989	0.0001378	0.0003313	0.0002781	Hippocampus
ENSG00000019102:1	5	0.002705	0.04307	0.01984	0.0003098	Hippocampus
ENSG00000134917:1	61	0.9381	0.000442	0.0003713	0.0001806	Hippocampus
ENSG00000120451:1	1	1	0.00117	0.01827	0.01827	Hippocampus
ENSG00000111684:1	7	0.002211	0.04136	0.01889	0.0001524	Hippocampus
ENSG00000089693:1	1	0.04023	0.00934	0.009229	0.005239	Hippocampus
ENSG00000133687:1	16	0.02178	0.6506	0.4534	0.002853	Hippocampus
ENSG00000066084:1	91	0.7554	0.001436	0.0008248	0.0001938	Hippocampus
ENSG00000205352:1	1	1	0.000123	0.00195	0.00195	Hippocampus
ENSG00000135390:1	12	0.9998	0.0003671	0.0005743	0.0004236	Hippocampus
ENSG00000121749:1	14	0.00251	0.1849	0.09165	0.0004074	Hippocampus
ENSG00000111696:3	1	0.03283	0.0003903	0.0003695	0.0002023	Hippocampus
ENSG00000111725:1	21	0.3145	0.02451	0.01561	0.00479	Hippocampus
ENSG00000122966:1	23	0.08322	0.03313	0.01652	0.001647	Hippocampus
ENSG00000157837:1	41	0.9915	0.02756	0.0225	0.01053	Hippocampus
ENSG00000213137:2	3	0.0005834	0.2256	0.1145	0.0003303	Hippocampus
ENSG00000184445:2	100	0.01358	0.6067	0.4068	0.001708	Hippocampus
ENSG00000176383:1	36	0.4139	0.001771	0.001091	0.0003153	Hippocampus
ENSG00000139719:1	34	0.9994	0.001774	0.001577	0.0008138	Hippocampus
ENSG00000130779:1	15	0.02207	0.04745	0.02244	0.0009034	Hippocampus
ENSG00000051825:1	14	0.01405	0.9977	0.9949	0.002103	Hippocampus
ENSG00000130921:1	2	0.01249	0.9977	0.995	0.01063	Hippocampus
ENSG00000269938:1	6	0.7254	0.001335	0.001155	0.0005798	Hippocampus
ENSG00000119242:1	37	0.2809	0.2782	0.1752	0.03545	Hippocampus
ENSG00000270130:1	45	0.1135	0.2916	0.1605	0.007647	Hippocampus
ENSG00000269997:1	97	0.9311	0.9528	0.9177	0.1882	Hippocampus
ENSG00000086598:1	60	0.01154	0.6764	0.4819	0.002414	Hippocampus
ENSG00000250091:1	29	0.3358	0.2591	0.177	0.051	Hippocampus
ENSG00000270061:1	76	0.964	0.847	0.7531	0.1523	Hippocampus
ENSG00000250091:4	12	0.003184	0.2041	0.1026	0.000744	Hippocampus
ENSG00000276672:1	3	0.001311	0.0343	0.01568	0.0002037	Hippocampus
ENSG00000287477:1	2	0.9759	0.0002957	0.002811	0.002757	Hippocampus
ENSG00000287477:2	16	0.003353	0.1099	0.05215	0.0003539	Hippocampus
ENSG00000179630:1	25	1	0.0114	0.01249	0.00766	Hippocampus
ENSG00000151773:1	21	1	0.01026	0.009293	0.004881	Hippocampus
ENSG00000136144:1	21	1	0.8046	0.8093	0.4747	Hippocampus
ENSG00000139746:1	215	0.3775	0.03048	0.01457	0.0008788	Hippocampus
ENSG00000139746:2	52	0.02433	0.7097	0.5235	0.007835	Hippocampus
ENSG00000227354:2	6	1	0.0006848	0.002761	0.002529	Hippocampus
ENSG00000247400:2	135	0.265	0.802	0.6606	0.05331	Hippocampus
ENSG00000157326:2	5	1	0.0007452	0.003104	0.002854	Hippocampus
ENSG00000187630:2	5	0.3642	0.0007452	0.00122	0.0009159	Hippocampus
ENSG00000215256:4	5	1	0.0007452	0.002825	0.002567	Hippocampus
ENSG00000215256:2	2	1	0.0001212	0.0009886	0.0009618	Hippocampus
ENSG00000151327:1	14	0.6438	0.001507	0.0008042	0.0001403	Hippocampus
ENSG00000092020:1	9	0.9998	0.0001393	0.0003006	0.0002458	Hippocampus
ENSG00000259017:2	14	0.004592	0.08848	0.04165	0.0004761	Hippocampus
ENSG00000126790:1	6	1	4.559e-05	0.0001376	0.0001208	Hippocampus
ENSG00000100731:1	85	0.9868	0.008889	0.005636	0.001736	Hippocampus
ENSG00000269927:1	131	0.02582	0.8329	0.6892	0.003362	Hippocampus
ENSG00000100664:1	14	0.06408	0.01322	0.006408	0.0005281	Hippocampus
ENSG00000259775:2	14	0.9998	0.01322	0.01723	0.01172	Hippocampus
ENSG00000260285:1	86	0.228	0.09732	0.05038	0.005197	Hippocampus
ENSG00000273855:1	9	0.02732	0.2485	0.1293	0.001871	Hippocampus
ENSG00000168806:1	20	0.4945	0.0002336	0.00021	0.0001096	Hippocampus
ENSG00000168803:1	3	1	4.604e-05	0.0002584	0.0002449	Hippocampus
ENSG00000137822:2	19	0.09949	0.9245	0.8523	0.05299	Hippocampus
ENSG00000184716:1	5	0.001276	0.04563	0.02086	0.0001369	Hippocampus
ENSG00000168803:4	3	0.02445	0.03028	0.01637	0.002847	Hippocampus
ENSG00000242866:1	16	0.9752	0.8911	0.8961	0.5346	Hippocampus
ENSG00000259935:1	1	0.4911	0.0003195	0.002552	0.00248	Hippocampus
ENSG00000128923:3	4	0.006532	0.03528	0.01658	0.000681	Hippocampus
ENSG00000137845:1	1	0.9839	0.009485	0.13	0.1299	Hippocampus
ENSG00000128923:2	2	0.8862	0.002656	0.01899	0.01835	Hippocampus
ENSG00000277144:1	26	0.6323	0.07932	0.06254	0.02755	Hippocampus
ENSG00000255769:1	11	0.9425	0.0003264	0.0005098	0.0003757	Hippocampus
ENSG00000182774:1	67	0.7177	0.9173	0.849	0.1109	Hippocampus
ENSG00000259462:1	51	0.319	0.3228	0.1892	0.01863	Hippocampus
ENSG00000169612:1	49	0.9979	0.0009459	0.0005279	0.0001121	Hippocampus
ENSG00000064726:1	2	0.03614	0.0008216	0.0005881	0.0002307	Hippocampus
ENSG00000169609:2	8	1	0.0008587	0.001887	0.00155	Hippocampus
ENSG00000169609:1	16	1	0.04132	0.06069	0.04399	Hippocampus
ENSG00000169609:3	1	0.1197	7.271e-05	0.0001665	0.0001381	Hippocampus
ENSG00000259570:1	114	0.9938	0.05095	0.03373	0.01107	Hippocampus
ENSG00000259683:1	46	0.9949	0.02102	0.01443	0.005209	Hippocampus
ENSG00000177082:2	73	0.9955	0.6402	0.5242	0.1536	Hippocampus
ENSG00000140522:2	24	0.5895	0.9407	0.8976	0.1834	Hippocampus
ENSG00000261441:1	37	0.5456	0.008087	0.01027	0.00689	Hippocampus
ENSG00000261478:2	7	0.9975	0.03244	0.2138	0.2079	Hippocampus
ENSG00000289128:1	8	0.7562	0.03561	0.04998	0.03543	Hippocampus
ENSG00000140564:1	5	0.1658	0.9996	0.9992	0.1379	Hippocampus
ENSG00000280063:1	10	0.005325	0.1372	0.06646	0.0007369	Hippocampus
ENSG00000278434:1	9	0.9953	0.1181	0.2232	0.1822	Hippocampus
ENSG00000153406:2	19	1	0.02676	0.0255	0.01403	Hippocampus
ENSG00000089486:1	34	0.05009	0.04662	0.02201	0.0008605	Hippocampus
ENSG00000102858:2	12	0.007809	0.02626	0.01204	0.0002516	Hippocampus
ENSG00000103423:1	21	0.0081	0.04245	0.01947	0.0002244	Hippocampus
ENSG00000166246:2	3	0.0009253	0.02014	0.009117	0.0001016	Hippocampus
ENSG00000169203:1	26	0.5326	0.003212	0.002161	0.0007583	Hippocampus
ENSG00000169217:1	30	0.006582	0.1186	0.05659	0.0003685	Hippocampus
ENSG00000169592:1	25	0.9934	0.4915	0.478	0.2619	Hippocampus
ENSG00000103037:1	52	0.9535	0.8155	0.7638	0.3103	Hippocampus
ENSG00000125122:1	35	0.01316	0.8977	0.7955	0.0009144	Hippocampus
ENSG00000289415:1	10	0.00159	0.119	0.05664	0.0002325	Hippocampus
ENSG00000270049:2	106	0.467	0.003584	0.002012	0.0004352	Hippocampus
ENSG00000141084:1	33	0.9555	0.01162	0.009866	0.004846	Hippocampus
ENSG00000270049:1	46	0.4271	0.01706	0.01001	0.00247	Hippocampus
ENSG00000141098:1	3	0.06248	0.001725	0.001323	0.0005755	Hippocampus
ENSG00000103064:1	12	0.9447	0.000394	0.0006374	0.0004763	Hippocampus
ENSG00000132600:1	11	0.05617	0.02599	0.01209	0.0004327	Hippocampus
ENSG00000132612:1	37	0.9567	0.256	0.1989	0.07909	Hippocampus
ENSG00000132612:2	17	0.04243	0.01605	0.007509	0.0003488	Hippocampus
ENSG00000132604:1	11	0.04086	0.02185	0.01075	0.0009949	Hippocampus
ENSG00000132603:1	8	0.9208	0.02216	0.03358	0.02456	Hippocampus
ENSG00000213380:1	2	0.9523	0.01144	0.08246	0.07999	Hippocampus
ENSG00000182149:2	1	0.0377	0.00827	0.00795	0.00441	Hippocampus
ENSG00000167526:1	4	0.99	6.744e-05	0.0004576	0.00044	Hippocampus
ENSG00000275734:1	6	0.9957	0.001216	0.00388	0.003439	Hippocampus
ENSG00000260259:1	6	0.9916	0.0004265	0.0009212	0.0007534	Hippocampus
ENSG00000223959:1	4	0.8596	0.0005076	0.001259	0.001064	Hippocampus
ENSG00000177946:1	1	0.9999	2.663e-05	0.0004227	0.0004227	Hippocampus
ENSG00000236618:1	4	0.001193	0.2607	0.1357	0.0007085	Hippocampus
ENSG00000167721:2	104	0.1034	0.9382	0.8733	0.02204	Hippocampus
ENSG00000263707:1	9	0.05324	0.8056	0.6561	0.02581	Hippocampus
ENSG00000006744:1	1	0.9851	0.09479	0.6158	0.6152	Hippocampus
ENSG00000175662:1	20	0.976	0.04297	0.05626	0.03857	Hippocampus
ENSG00000171953:1	77	0.0228	0.1547	0.07556	0.0006541	Hippocampus
ENSG00000227078:1	3	0.9996	6.396e-05	0.0003557	0.0003368	Hippocampus
ENSG00000262202:2	15	0.4113	0.0004502	0.0003918	0.000198	Hippocampus
ENSG00000225681:1	188	0.1028	0.7616	0.589	0.008126	Hippocampus
ENSG00000189423:3	30	0.2795	0.0006123	0.0003745	0.0001063	Hippocampus
ENSG00000154898:2	106	0.959	0.09548	0.04565	0.001076	Hippocampus
ENSG00000196535:1	13	0.4746	0.003956	0.003726	0.002031	Hippocampus
ENSG00000132591:1	1	0.0001708	0.1461	0.07055	0.0001249	Hippocampus
ENSG00000167536:1	25	0.03213	0.007098	0.003295	0.0001443	Hippocampus
ENSG00000264050:1	25	0.006235	0.1259	0.06008	0.000154	Hippocampus
ENSG00000278311:1	49	0.4726	0.0104	0.006168	0.001589	Hippocampus
ENSG00000278259:1	30	0.9869	0.006751	0.006379	0.003486	Hippocampus
ENSG00000278535:1	14	0.9663	0.002797	0.002968	0.001779	Hippocampus
ENSG00000280022:1	2019	0.8507	1	1	0.01702	Hippocampus
ENSG00000266918:2	1594	0.9878	1	1	0.01847	Hippocampus
ENSG00000264070:1	1922	0.985	1	1	0.01318	Hippocampus
ENSG00000186868:1	2524	0.986	1	1	0.02202	Hippocampus
ENSG00000278770:1	1427	0.9859	0.9158	0.8311	0.01777	Hippocampus
ENSG00000204650:1	1464	0.9883	0.6541	0.4611	0.0102	Hippocampus
ENSG00000204652:1	1557	0.9872	0.7655	0.5974	0.01592	Hippocampus
ENSG00000279685:1	310	0.04248	0.08278	0.03859	0.0001764	Hippocampus
ENSG00000280022:2	11	0.01594	0.009645	0.004509	0.0002229	Hippocampus
ENSG00000214425:1	9	1	0.008438	0.01426	0.01085	Hippocampus
ENSG00000214425:2	10	1	0.007158	0.01558	0.0128	Hippocampus
ENSG00000261575:1	1753	0.9961	0.5135	0.3235	0.007528	Hippocampus
ENSG00000176681:1	97	1	0.0232	0.01355	0.003262	Hippocampus
ENSG00000214401:1	7	1	0.00256	0.003298	0.002227	Hippocampus
ENSG00000238083:2	862	1	0.116	0.05681	0.002039	Hippocampus
ENSG00000185829:2	922	0.9999	0.122	0.06006	0.002286	Hippocampus
ENSG00000262500:1	7	0.9759	0.0001121	0.001305	0.001292	Hippocampus
ENSG00000120071:1	3	1	0.0001121	0.001497	0.001489	Hippocampus
ENSG00000228696:2	1	1	0.0001121	0.001777	0.001777	Hippocampus
ENSG00000289729:1	1	1	0.0001121	0.001777	0.001777	Hippocampus
ENSG00000263142:1	13	0.9684	0.0002841	0.0004783	0.0003627	Hippocampus
ENSG00000108960:1	4	0.9995	0.5871	0.838	0.7571	Hippocampus
ENSG00000159640:1	8	0.7554	0.859	0.8825	0.5819	Hippocampus
ENSG00000154217:1	6	0.006445	0.2544	0.1328	0.001862	Hippocampus
ENSG00000141668:2	46	0.02101	0.00956	0.004369	0.0001169	Hippocampus
ENSG00000267270:1	57	0.176	0.009469	0.004342	0.0001312	Hippocampus
ENSG00000187650:1	3	0.942	4.621e-05	0.0002884	0.0002756	Hippocampus
ENSG00000167815:1	1	0.0002648	0.06638	0.03065	0.0001404	Hippocampus
ENSG00000250067:1	149	0.6979	0.94	0.876	0.01662	Hippocampus
ENSG00000105726:2	102	0.04246	0.8923	0.7873	0.007595	Hippocampus
ENSG00000167491:1	90	0.9996	0.8601	0.7944	0.2415	Hippocampus
ENSG00000105186:1	27	0.9158	0.01371	0.01325	0.007378	Hippocampus
ENSG00000142233:1	9	0.9732	0.1046	0.1678	0.1283	Hippocampus
ENSG00000105559:2	20	0.00933	0.5291	0.3346	0.003659	Hippocampus
ENSG00000126456:1	7	0.003779	0.2166	0.1097	0.0007943	Hippocampus
ENSG00000142552:1	1	0.00135	0.1413	0.0688	0.0009766	Hippocampus
ENSG00000167757:1	1	0.0008913	0.3768	0.2118	0.0008072	Hippocampus
ENSG00000286125:2	11	0.1517	0.3491	0.2404	0.06171	Hippocampus
ENSG00000127903:1	6	0.2008	0.3491	0.2971	0.1339	Hippocampus
ENSG00000242125:1	1	0.04143	0.0007226	0.0007773	0.0004704	Hippocampus
ENSG00000180098:1	1	0.0001819	0.07534	0.03491	0.0001026	Hippocampus
ENSG00000092847:1	2	0.0005553	0.3899	0.2208	0.0003426	Hippocampus
ENSG00000226476:1	24	0.9552	0.2647	0.1973	0.07132	Hippocampus
ENSG00000152078:1	28	0.005845	0.8888	0.78	0.0009982	Hippocampus
ENSG00000172339:1	58	0.02347	0.8952	0.7913	0.001648	Hippocampus
ENSG00000122481:1	16	0.9996	0.006865	0.01096	0.008158	Hippocampus
ENSG00000122481:2	8	0.9878	0.0003398	0.001286	0.001168	Hippocampus
ENSG00000287919:1	5	0.9563	5.58e-05	0.0002222	0.0002032	Hippocampus
ENSG00000131778:2	10	0.9999	0.0001015	0.0002624	0.0002237	Hippocampus
ENSG00000131778:1	1	1	2.599e-05	0.0004126	0.0004126	Hippocampus
ENSG00000285184:1	59	0.9983	0.3391	0.2307	0.05754	Hippocampus
ENSG00000203814:1	4	0.0008954	0.0328	0.01493	0.0001403	Hippocampus
ENSG00000285184:2	37	0.006199	0.07162	0.03319	0.0001729	Hippocampus
ENSG00000143578:2	46	0.01594	0.175	0.08671	0.0009911	Hippocampus
ENSG00000143578:1	19	0.5005	0.04708	0.02691	0.005784	Hippocampus
ENSG00000143537:1	1	0.9999	6.735e-06	0.0001069	0.0001069	Hippocampus
ENSG00000236263:1	44	0.9943	0.0006358	0.0004307	0.0001534	Hippocampus
ENSG00000160766:1	35	0.9945	0.0004937	0.0003563	0.0001416	Hippocampus
ENSG00000132676:1	14	0.04182	0.002978	0.001432	0.0001146	Hippocampus
ENSG00000163374:2	15	0.1165	0.002978	0.001627	0.0003155	Hippocampus
ENSG00000163374:1	4	0.9988	0.0003621	0.001561	0.001441	Hippocampus
ENSG00000235919:1	28	0.1636	0.00199	0.001091	0.0002148	Hippocampus
ENSG00000200674:1	25	0.005093	0.04652	0.02125	0.0001069	Hippocampus
ENSG00000152061:1	17	0.01498	0.04754	0.02209	0.0004965	Hippocampus
ENSG00000117593:1	5	0.8111	0.003834	0.01337	0.01202	Hippocampus
ENSG00000143322:1	19	0.9925	0.001586	0.002194	0.001535	Hippocampus
ENSG00000123836:1	15	0.02099	0.4852	0.2989	0.006539	Hippocampus
ENSG00000117335:1	9	1	0.04174	0.077	0.0609	Hippocampus
ENSG00000143499:1	4	1	0.000102	0.0005922	0.0005627	Hippocampus
ENSG00000101452:2	84	0.2828	0.1815	0.09436	0.005608	Hippocampus
ENSG00000101442:1	20	0.009302	0.4995	0.3083	0.002762	Hippocampus
ENSG00000101452:1	36	0.7155	0.5677	0.4139	0.07521	Hippocampus
ENSG00000166913:1	41	0.09476	0.559	0.3705	0.01775	Hippocampus
ENSG00000101104:1	15	1	0.2291	0.2927	0.2054	Hippocampus
ENSG00000277708:1	13	0.1977	0.1746	0.1286	0.0484	Hippocampus
ENSG00000277708:3	14	0.8023	0.02486	0.01308	0.001996	Hippocampus
ENSG00000101109:1	48	0.0193	0.2673	0.1405	0.001675	Hippocampus
ENSG00000101246:1	26	0.5467	0.01905	0.01396	0.005639	Hippocampus
ENSG00000130584:1	1	0.9878	0.0001826	0.002858	0.002857	Hippocampus
ENSG00000101150:1	3	0.2516	0.0003214	0.0007831	0.0006592	Hippocampus
ENSG00000224924:1	42	0.9061	0.8667	0.8353	0.3716	Hippocampus
ENSG00000100023:1	2	0.3514	0.02934	0.07555	0.06499	Hippocampus
ENSG00000100027:1	3	0.4263	0.001834	0.002756	0.002001	Hippocampus
ENSG00000100038:1	12	0.8556	0.004598	0.004945	0.002993	Hippocampus
ENSG00000224086:1	1	0.9992	0.0008942	0.01401	0.01401	Hippocampus
ENSG00000177096:1	75	0.3826	0.1001	0.05637	0.01018	Hippocampus
ENSG00000205704:1	1	0.7827	0.007418	0.08376	0.08305	Hippocampus
ENSG00000183066:2	27	0.9999	0.2211	0.223	0.1289	Hippocampus
ENSG00000281538:1	72	0.974	0.08943	0.05727	0.01674	Hippocampus
ENSG00000198951:1	28	0.8658	0.03908	0.05106	0.03495	Hippocampus
ENSG00000100167:1	77	0.2941	0.07927	0.04193	0.005565	Hippocampus
ENSG00000205702:1	36	0.9397	0.04346	0.02919	0.009939	Hippocampus
ENSG00000226328:1	3	0.653	0.03475	0.1229	0.112	Hippocampus
ENSG00000226328:4	11	0.2817	0.3209	0.2393	0.08244	Hippocampus
ENSG00000184164:1	30	0.9987	0.541	0.4805	0.2153	Hippocampus
ENSG00000115808:1	22	0.0386	0.0378	0.01749	0.0004086	Hippocampus
ENSG00000218739:2	7	0.005393	0.04239	0.01936	0.0001412	Hippocampus
ENSG00000115816:1	15	0.7826	0.3034	0.2527	0.1117	Hippocampus
ENSG00000170802:1	1	0.972	0.04481	0.4156	0.415	Hippocampus
ENSG00000243667:1	11	0.9895	0.0002077	0.00045	0.0003683	Hippocampus
ENSG00000287250:1	64	0.5167	0.2912	0.1655	0.01417	Hippocampus
ENSG00000116127:1	3	1	0.0005443	0.003272	0.003119	Hippocampus
ENSG00000163016:2	17	0.9993	0.0003403	0.0004766	0.0003353	Hippocampus
ENSG00000163016:1	2	1	0.01101	0.03855	0.03478	Hippocampus
ENSG00000287115:1	2	0.0003939	0.8589	0.7295	0.0003609	Hippocampus
ENSG00000235548:1	14	0.8878	0.006077	0.007735	0.005193	Hippocampus
ENSG00000115840:1	62	0.9306	0.000997	0.0008424	0.0004124	Hippocampus
ENSG00000172878:1	35	0.4427	0.01447	0.009376	0.003021	Hippocampus
ENSG00000138430:1	7	0.9636	0.0001976	6e-04	0.0005272	Hippocampus
ENSG00000115524:1	11	0.8544	0.1333	0.2636	0.2196	Hippocampus
ENSG00000247626:1	22	0.00443	0.1089	0.05149	0.0001727	Hippocampus
ENSG00000226124:3	35	1	0.4706	0.4138	0.1883	Hippocampus
ENSG00000144674:1	25	0.006387	0.5838	0.3842	0.001727	Hippocampus
ENSG00000144677:1	14	0.2156	0.5565	0.4156	0.09353	Hippocampus
ENSG00000186448:1	95	0.1365	0.003558	0.00171	0.0001351	Hippocampus
ENSG00000163815:1	12	0.001881	0.1327	0.0636	0.0001858	Hippocampus
ENSG00000178467:1	39	0.9715	0.0001857	0.0001801	0.0001007	Hippocampus
ENSG00000004534:1	46	0.9926	0.001585	0.001272	0.0005864	Hippocampus
ENSG00000168237:1	10	0.9806	0.0002726	0.000571	0.0004632	Hippocampus
ENSG00000163938:1	10	0.9945	0.3698	0.4656	0.3361	Hippocampus
ENSG00000163634:1	3	0.9989	0.05815	0.33	0.3206	Hippocampus
ENSG00000163636:1	19	0.3675	0.1877	0.1036	0.01228	Hippocampus
ENSG00000114446:1	279	0.1058	0.9799	0.9562	0.009647	Hippocampus
ENSG00000114054:1	96	0.9774	0.9516	0.9238	0.2685	Hippocampus
ENSG00000261758:1	73	0.9839	0.7557	0.6133	0.08616	Hippocampus
ENSG00000163728:1	39	0.9984	0.4455	0.3988	0.1902	Hippocampus
ENSG00000213123:1	8	0.9804	0.0004849	0.000415	0.000206	Hippocampus
ENSG00000185619:1	1	1	0.0007977	0.01252	0.01252	Hippocampus
ENSG00000185619:3	1	0.05624	0.0001402	0.0001836	0.000125	Hippocampus
ENSG00000230069:1	162	0.08641	0.4375	0.2592	0.004243	Hippocampus
ENSG00000213492:1	56	0.06182	0.1773	0.08981	0.003058	Hippocampus
ENSG00000286269:1	15	0.9999	0.0003446	0.0004884	0.0003455	Hippocampus
ENSG00000286269:2	2	0.003125	0.002488	0.001209	0.0001091	Hippocampus
ENSG00000145391:1	5	0.007318	0.01485	0.006762	0.0001347	Hippocampus
ENSG00000164114:1	19	0.4541	0.002653	0.002209	0.001063	Hippocampus
ENSG00000287783:2	64	0.9993	0.0007591	0.0004617	0.0001291	Hippocampus
ENSG00000112893:1	21	0.7222	0.08094	0.05101	0.0144	Hippocampus
ENSG00000120709:1	18	0.006561	0.6526	0.4548	0.001286	Hippocampus
ENSG00000132563:1	15	0.003234	0.2596	0.1348	0.0004462	Hippocampus
ENSG00000044115:2	23	0.003004	0.2662	0.1388	0.0004292	Hippocampus
ENSG00000170469:1	17	0.004608	0.2997	0.1601	0.0009562	Hippocampus
ENSG00000120306:1	20	0.9979	0.000159	0.0002016	0.0001349	Hippocampus
ENSG00000146007:1	152	0.9812	0.2558	0.1582	0.03088	Hippocampus
ENSG00000113209:1	17	0.2597	0.05823	0.03885	0.0129	Hippocampus
ENSG00000055147:1	88	0.04503	0.05585	0.02573	0.0002188	Hippocampus
ENSG00000164574:1	35	0.0526	0.01697	0.007747	0.0001687	Hippocampus
ENSG00000112659:1	6	0.8395	0.01675	0.01756	0.01044	Hippocampus
ENSG00000230910:1	14	0.988	0.0001907	0.0002498	0.0001701	Hippocampus
ENSG00000289611:1	9	0.001845	0.05737	0.02636	0.0001208	Hippocampus
ENSG00000173214:1	131	0.04962	0.246	0.1272	0.00113	Hippocampus
ENSG00000229276:2	18	0.0366	0.06722	0.0328	0.002001	Hippocampus
ENSG00000056972:1	15	0.009245	0.1374	0.06639	0.0005872	Hippocampus
ENSG00000255389:3	1	1	8.291e-06	0.0001317	0.0001317	Hippocampus
ENSG00000285564:2	42	0.01778	0.2233	0.1138	0.00105	Hippocampus
ENSG00000272361:4	12	0.003074	0.1389	0.06692	0.0002933	Hippocampus
ENSG00000105866:1	15	0.005909	0.5773	0.3776	0.001262	Hippocampus
ENSG00000234286:1	5	0.9989	8.402e-05	0.0002962	0.0002664	Hippocampus
ENSG00000188732:1	3	0.9912	7.034e-05	0.0005713	0.0005557	Hippocampus
ENSG00000146828:1	23	0.8811	0.0001686	0.0001739	0.0001021	Hippocampus
ENSG00000179562:1	9	0.006254	0.01192	0.005454	0.0001463	Hippocampus
ENSG00000155530:1	1	1	7.047e-06	0.0001119	0.0001119	Hippocampus
ENSG00000228360:1	9	0.9729	6.758e-05	0.0001429	0.0001162	Hippocampus
ENSG00000173295:1	5	0.9986	0.0003412	0.0007316	0.0005973	Hippocampus
ENSG00000275342:1	15	0.4285	0.0003726	0.0003094	0.0001486	Hippocampus
ENSG00000198791:1	8	0.9972	0.1272	0.2187	0.1731	Hippocampus
ENSG00000289145:2	4	0.9999	0.0001486	0.0008257	0.0007817	Hippocampus
ENSG00000198791:2	2	0.001775	0.1368	0.06638	0.0009235	Hippocampus
ENSG00000155975:1	12	0.02048	0.04141	0.01919	0.0004473	Hippocampus
ENSG00000289145:3	1	0.9752	0.002554	0.03814	0.03811	Hippocampus
ENSG00000003987:1	2	0.9986	0.01333	0.112	0.1097	Hippocampus
ENSG00000228451:2	4	1	0.01111	0.05324	0.04992	Hippocampus
ENSG00000104228:1	5	1	0.003009	0.007246	0.006089	Hippocampus
ENSG00000147535:1	149	0.074	0.6716	0.4776	0.004849	Hippocampus
ENSG00000104221:1	97	0.08345	0.2291	0.1178	0.001814	Hippocampus
ENSG00000085788:1	128	0.1783	0.5969	0.4078	0.02002	Hippocampus
ENSG00000147548:1	127	0.02721	0.84	0.7005	0.004374	Hippocampus
ENSG00000206579:1	3	0.0005404	0.2552	0.132	0.0003364	Hippocampus
ENSG00000172817:1	22	0.02186	0.8133	0.6623	0.01141	Hippocampus
ENSG00000180921:1	1	1	0.000184	0.002914	0.002914	Hippocampus
ENSG00000287222:1	3	0.6975	0.4138	0.6377	0.5395	Hippocampus
ENSG00000147905:1	45	0.04796	0.03025	0.01407	0.0004699	Hippocampus
ENSG00000188938:1	8	0.9988	0.07802	0.06632	0.03223	Hippocampus
ENSG00000167136:1	2	0.9983	0.002741	0.02191	0.02131	Hippocampus
ENSG00000136802:1	11	0.8921	0.0001642	0.0002897	0.0002233	Hippocampus
ENSG00000175287:1	2	1	2.278e-05	0.0001859	0.0001809	Hippocampus
ENSG00000268707:1	23	0.9514	0.02856	0.05094	0.03969	Hippocampus
ENSG00000095321:1	42	0.9951	0.01072	0.007306	0.002618	Hippocampus
