,gene_id,ensemblID,gene_name,seqname,gene_type,Caudate,DLPFC,Hippocampus,CMC DLPFC
4753,ENSG00000272455.1,ENSG00000272455,RP4-758J18.13,chr1,lincRNA,0,0,0,1
7511,ENSG00000142609.17,ENSG00000142609,CFAP74,chr1,protein_coding,0,0,0,1
16711,ENSG00000171608.15,ENSG00000171608,PIK3CD,chr1,protein_coding,0,0,0,1
19809,ENSG00000204624.7,ENSG00000204624,DISP3,chr1,protein_coding,0,0,0,1
23938,ENSG00000132906.17,ENSG00000132906,CASP9,chr1,protein_coding,0,0,0,1
26965,ENSG00000159363.17,ENSG00000159363,ATP13A2,chr1,protein_coding,1,0,0,0
33871,ENSG00000162552.14,ENSG00000162552,WNT4,chr1,protein_coding,0,0,0,1
39421,ENSG00000197245.5,ENSG00000197245,FAM110D,chr1,protein_coding,0,0,0,1
49971,ENSG00000084652.15,ENSG00000084652,TXLNA,chr1,protein_coding,0,0,0,1
51732,ENSG00000162522.10,ENSG00000162522,KIAA1522,chr1,protein_coding,1,0,0,0
56665,ENSG00000119535.17,ENSG00000119535,CSF3R,chr1,protein_coding,0,0,0,1
58797,ENSG00000168653.10,ENSG00000168653,NDUFS5,chr1,protein_coding,0,0,0,1
65073,ENSG00000117385.15,ENSG00000117385,P3H1,chr1,protein_coding,1,0,0,0
70639,ENSG00000142945.12,ENSG00000142945,KIF2C,chr1,protein_coding,1,0,0,0
83836,ENSG00000215883.10,ENSG00000215883,CYB5RL,chr1,protein_coding,0,0,0,1
84969,ENSG00000271723.5,ENSG00000271723,MROH7-TTC4,chr1,protein_coding,1,0,0,0
86708,ENSG00000283445.1,ENSG00000283445,RP11-63G10.4,chr1,lincRNA,0,0,0,1
88814,ENSG00000132854.18,ENSG00000132854,KANK4,chr1,protein_coding,0,0,0,1
93685,ENSG00000162595.5,ENSG00000162595,DIRAS3,chr1,protein_coding,0,0,0,1
95456,ENSG00000172260.14,ENSG00000172260,NEGR1,chr1,protein_coding,0,0,0,1
96954,ENSG00000137955.15,ENSG00000137955,RABGGTB,chr1,protein_coding,0,0,0,1
99664,ENSG00000236268.5,ENSG00000236268,LINC01361,chr1,lincRNA,0,0,0,1
104082,ENSG00000171492.14,ENSG00000171492,LRRC8D,chr1,protein_coding,1,0,0,0
109398,ENSG00000099260.10,ENSG00000099260,PALMD,chr1,protein_coding,0,0,0,1
111328,ENSG00000183298.5,ENSG00000183298,RPSAP19,chr1,processed_pseudogene,1,0,0,0
115442,ENSG00000143126.7,ENSG00000143126,CELSR2,chr1,protein_coding,0,0,0,1
115985,ENSG00000162650.16,ENSG00000162650,ATXN7L2,chr1,protein_coding,0,0,0,1
116186,ENSG00000156097.12,ENSG00000156097,GPR61,chr1,protein_coding,0,0,0,1
117280,ENSG00000134202.10,ENSG00000134202,GSTM3,chr1,protein_coding,0,0,0,1
118879,ENSG00000259834.1,ENSG00000259834,RP11-284N8.3,chr1,lincRNA,0,0,0,1
118944,ENSG00000121931.15,ENSG00000121931,LRIF1,chr1,protein_coding,0,0,0,1
122610,ENSG00000081019.13,ENSG00000081019,RSBN1,chr1,protein_coding,0,0,0,1
125354,ENSG00000118729.11,ENSG00000118729,CASQ2,chr1,protein_coding,0,0,0,1
127686,ENSG00000265808.3,ENSG00000265808,SEC22B,chr1,protein_coding,0,0,0,1
130410,ENSG00000265491.4,ENSG00000265491,RNF115,chr1,protein_coding,0,0,0,1
133470,ENSG00000265107.2,ENSG00000265107,GJA5,chr1,protein_coding,0,0,0,1
140671,ENSG00000143443.9,ENSG00000143443,C1orf56,chr1,protein_coding,0,0,0,1
146068,ENSG00000169418.9,ENSG00000169418,NPR1,chr1,protein_coding,0,0,0,1
150597,ENSG00000143537.13,ENSG00000143537,ADAM15,chr1,protein_coding,0,0,0,1
153334,ENSG00000176444.18,ENSG00000176444,CLK2,chr1,protein_coding,1,0,0,0
160557,ENSG00000187800.13,ENSG00000187800,PEAR1,chr1,protein_coding,0,0,0,1
161736,ENSG00000183853.17,ENSG00000183853,KIRREL,chr1,protein_coding,0,0,0,1
169618,ENSG00000162746.14,ENSG00000162746,FCRLB,chr1,protein_coding,0,0,0,1
172140,ENSG00000230898.1,ENSG00000230898,RP11-9L18.3,chr1,sense_intronic,1,0,0,0
175624,ENSG00000000457.13,ENSG00000000457,SCYL3,chr1,protein_coding,1,0,0,0
177017,ENSG00000117533.14,ENSG00000117533,VAMP4,chr1,protein_coding,0,0,0,1
177191,ENSG00000197959.13,ENSG00000197959,DNM3,chr1,protein_coding,0,0,0,1
183073,ENSG00000135823.13,ENSG00000135823,STX6,chr1,protein_coding,0,0,0,1
188303,ENSG00000116750.13,ENSG00000116750,UCHL5,chr1,protein_coding,0,0,0,1
193833,ENSG00000134369.15,ENSG00000134369,NAV1,chr1,protein_coding,0,0,0,1
198027,ENSG00000143850.13,ENSG00000143850,PLEKHA6,chr1,protein_coding,0,0,0,1
199510,ENSG00000184144.10,ENSG00000184144,CNTN2,chr1,protein_coding,0,0,0,1
203031,ENSG00000180667.10,ENSG00000180667,YOD1,chr1,protein_coding,0,0,0,1
204699,ENSG00000076356.6,ENSG00000076356,PLXNA2,chr1,protein_coding,0,0,0,1
210140,ENSG00000067533.5,ENSG00000067533,RRP15,chr1,protein_coding,0,0,0,1
218355,ENSG00000181873.12,ENSG00000181873,IBA57,chr1,protein_coding,0,0,0,1
219678,ENSG00000154370.14,ENSG00000154370,TRIM11,chr1,protein_coding,0,0,0,1
219760,ENSG00000162931.11,ENSG00000162931,TRIM17,chr1,protein_coding,0,0,0,1
221584,ENSG00000116903.7,ENSG00000116903,EXOC8,chr1,protein_coding,0,0,0,1
223609,ENSG00000054267.20,ENSG00000054267,ARID4B,chr1,protein_coding,0,0,0,1
225020,ENSG00000116977.18,ENSG00000116977,LGALS8,chr1,protein_coding,0,0,0,1
227206,ENSG00000224348.2,ENSG00000224348,RP11-306K13.1,chr1,processed_pseudogene,1,0,0,0
227966,ENSG00000180287.16,ENSG00000180287,PLD5,chr1,protein_coding,1,0,0,0
230594,ENSG00000277462.1,ENSG00000277462,ZNF670,chr1,protein_coding,0,0,0,1
230790,ENSG00000162714.12,ENSG00000162714,ZNF496,chr1,protein_coding,0,0,0,1
231589,ENSG00000189181.4,ENSG00000189181,OR14I1,chr1,protein_coding,0,0,0,1
232138,ENSG00000184731.5,ENSG00000184731,FAM110C,chr2,protein_coding,0,0,0,1
232979,ENSG00000151353.14,ENSG00000151353,TMEM18,chr2,protein_coding,1,0,0,0
241926,ENSG00000118965.14,ENSG00000118965,WDR35,chr2,protein_coding,0,0,0,1
242675,ENSG00000118960.12,ENSG00000118960,HS1BP3,chr2,protein_coding,0,0,0,1
242999,ENSG00000084674.14,ENSG00000084674,APOB,chr2,protein_coding,0,0,0,1
244130,ENSG00000198399.14,ENSG00000198399,ITSN2,chr2,protein_coding,0,0,0,1
247334,ENSG00000138018.17,ENSG00000138018,EPT1,chr2,protein_coding,0,0,0,1
247419,ENSG00000157856.10,ENSG00000157856,DRC1,chr2,protein_coding,0,0,0,1
250032,ENSG00000163793.12,ENSG00000163793,DNAJC5G,chr2,protein_coding,0,0,0,1
260066,ENSG00000119787.13,ENSG00000119787,ATL2,chr2,protein_coding,0,0,0,1
260396,ENSG00000143889.15,ENSG00000143889,HNRNPLL,chr2,protein_coding,0,0,0,1
262456,ENSG00000183023.18,ENSG00000183023,SLC8A1,chr2,protein_coding,0,0,0,1
265255,ENSG00000138078.15,ENSG00000138078,PREPL,chr2,protein_coding,0,0,0,1
268912,ENSG00000179915.22,ENSG00000179915,NRXN1,chr2,protein_coding,0,0,0,1
277855,ENSG00000119844.15,ENSG00000119844,AFTPH,chr2,protein_coding,0,0,0,1
280043,ENSG00000198380.12,ENSG00000198380,GFPT1,chr2,protein_coding,0,0,0,1
282400,ENSG00000116005.11,ENSG00000116005,PCYOX1,chr2,protein_coding,0,0,0,1
285690,ENSG00000003137.8,ENSG00000003137,CYP26B1,chr2,protein_coding,1,0,0,0
297158,ENSG00000153561.12,ENSG00000153561,RMND5A,chr2,protein_coding,0,0,0,1
298205,ENSG00000172071.11,ENSG00000172071,EIF2AK3,chr2,protein_coding,0,0,0,1
306734,ENSG00000273045.5,ENSG00000273045,C2orf15,chr2,protein_coding,0,0,0,1
312468,ENSG00000135968.20,ENSG00000135968,GCC2,chr2,protein_coding,0,0,0,1
312918,ENSG00000153201.15,ENSG00000153201,RANBP2,chr2,protein_coding,0,0,0,1
319965,ENSG00000125629.14,ENSG00000125629,INSIG2,chr2,protein_coding,0,0,0,1
326860,ENSG00000178162.8,ENSG00000178162,FAR2P2,chr2,transcribed_unprocessed_pseudogene,0,0,0,1
332109,ENSG00000121964.14,ENSG00000121964,GTDC1,chr2,protein_coding,0,0,0,1
334006,ENSG00000115947.13,ENSG00000115947,ORC4,chr2,protein_coding,0,0,0,1
338762,ENSG00000182389.19,ENSG00000182389,CACNB4,chr2,protein_coding,0,0,0,1
341023,ENSG00000162989.4,ENSG00000162989,KCNJ3,chr2,protein_coding,0,0,0,1
341874,ENSG00000123612.15,ENSG00000123612,ACVR1C,chr2,protein_coding,0,0,0,1
345042,ENSG00000144290.16,ENSG00000144290,SLC4A10,chr2,protein_coding,0,0,0,1
346387,ENSG00000115290.9,ENSG00000115290,GRB14,chr2,protein_coding,0,0,0,1
348094,ENSG00000178662.15,ENSG00000178662,CSRNP3,chr2,protein_coding,0,0,0,1
348535,ENSG00000144285.16,ENSG00000144285,SCN1A,chr2,protein_coding,0,0,0,1
349837,ENSG00000172318.5,ENSG00000172318,B3GALT1,chr2,protein_coding,0,0,0,1
351165,ENSG00000138398.15,ENSG00000138398,PPIG,chr2,protein_coding,0,0,0,1
351393,ENSG00000154479.12,ENSG00000154479,CCDC173,chr2,protein_coding,0,0,0,1
353604,ENSG00000198586.13,ENSG00000198586,TLK1,chr2,protein_coding,0,0,0,1
356675,ENSG00000172845.13,ENSG00000172845,SP3,chr2,protein_coding,0,0,0,1
365480,ENSG00000187231.13,ENSG00000187231,SESTD1,chr2,protein_coding,0,0,0,1
367031,ENSG00000115252.18,ENSG00000115252,PDE1A,chr2,protein_coding,0,0,0,1
371665,ENSG00000115419.12,ENSG00000115419,GLS,chr2,protein_coding,0,0,0,1
380002,ENSG00000155755.18,ENSG00000155755,TMEM237,chr2,protein_coding,0,0,0,1
381410,ENSG00000055044.10,ENSG00000055044,NOP58,chr2,protein_coding,0,0,0,1
382014,ENSG00000138442.9,ENSG00000138442,WDR12,chr2,protein_coding,0,0,0,1
388930,ENSG00000178568.14,ENSG00000178568,ERBB4,chr2,protein_coding,0,0,0,1
390534,ENSG00000115414.18,ENSG00000115414,FN1,chr2,protein_coding,0,0,0,1
391963,ENSG00000079246.15,ENSG00000079246,XRCC5,chr2,protein_coding,0,0,0,1
392139,ENSG00000260804.3,ENSG00000260804,PKI55,chr2,lincRNA,0,0,0,1
402714,ENSG00000123983.13,ENSG00000123983,ACSL3,chr2,protein_coding,0,0,0,1
404210,ENSG00000169031.18,ENSG00000169031,COL4A3,chr2,protein_coding,1,0,0,0
423282,ENSG00000176720.4,ENSG00000176720,BOK,chr2,protein_coding,0,0,0,1
425874,ENSG00000113851.13,ENSG00000113851,CRBN,chr3,protein_coding,0,0,0,1
428753,ENSG00000134077.15,ENSG00000134077,THUMPD3,chr3,protein_coding,0,0,0,1
430030,ENSG00000114026.21,ENSG00000114026,OGG1,chr3,protein_coding,0,0,0,1
436167,ENSG00000132182.11,ENSG00000132182,NUP210,chr3,protein_coding,0,0,0,1
437063,ENSG00000154767.14,ENSG00000154767,XPC,chr3,protein_coding,1,0,0,0
439188,ENSG00000131373.14,ENSG00000131373,HACL1,chr3,protein_coding,0,0,0,1
443051,ENSG00000174738.12,ENSG00000174738,NR1D2,chr3,protein_coding,0,0,0,1
443540,ENSG00000077097.14,ENSG00000077097,TOP2B,chr3,protein_coding,1,0,0,0
444518,ENSG00000033867.16,ENSG00000033867,SLC4A7,chr3,protein_coding,0,0,0,1
445630,ENSG00000206559.7,ENSG00000206559,ZCWPW2,chr3,protein_coding,0,0,0,1
453074,ENSG00000183873.15,ENSG00000183873,SCN5A,chr3,protein_coding,0,0,0,1
460754,ENSG00000211456.10,ENSG00000211456,SACM1L,chr3,protein_coding,0,0,0,1
462008,ENSG00000163827.12,ENSG00000163827,LRRC2,chr3,protein_coding,0,0,0,1
473540,ENSG00000164061.4,ENSG00000164061,BSN,chr3,protein_coding,0,0,0,1
489482,ENSG00000114251.13,ENSG00000114251,WNT5A,chr3,protein_coding,0,0,0,1
492895,ENSG00000255154.7,ENSG00000255154,RP11-80H18.3,chr3,protein_coding,0,0,0,1
497302,ENSG00000163376.11,ENSG00000163376,KBTBD8,chr3,protein_coding,0,0,0,1
497850,ENSG00000144747.15,ENSG00000144747,TMF1,chr3,protein_coding,0,0,0,1
503098,ENSG00000261292.2,ENSG00000261292,RP11-389G6.3,chr3,lincRNA,0,0,0,1
506471,ENSG00000081148.11,ENSG00000081148,IMPG2,chr3,protein_coding,0,0,0,1
506830,ENSG00000081154.11,ENSG00000081154,PCNP,chr3,protein_coding,0,0,0,1
506926,ENSG00000066422.4,ENSG00000066422,ZBTB11,chr3,protein_coding,0,0,0,1
509407,ENSG00000198919.12,ENSG00000198919,DZIP3,chr3,protein_coding,0,0,0,1
510508,ENSG00000144824.19,ENSG00000144824,PHLDB2,chr3,protein_coding,0,0,0,1
510827,ENSG00000144827.8,ENSG00000144827,ABHD10,chr3,protein_coding,0,0,0,1
511335,ENSG00000261488.1,ENSG00000261488,RP11-757F18.5,chr3,antisense,1,0,0,0
515012,ENSG00000185565.11,ENSG00000185565,LSAMP,chr3,protein_coding,0,0,0,1
517640,ENSG00000145087.12,ENSG00000145087,STXBP5L,chr3,protein_coding,0,0,0,1
520707,ENSG00000173175.14,ENSG00000173175,ADCY5,chr3,protein_coding,0,0,0,1
525327,ENSG00000114554.11,ENSG00000114554,PLXNA1,chr3,protein_coding,0,0,0,1
536325,ENSG00000168917.8,ENSG00000168917,SLC35G2,chr3,protein_coding,1,0,0,0
538267,ENSG00000051382.8,ENSG00000051382,PIK3CB,chr3,protein_coding,0,0,0,1
539513,ENSG00000114120.11,ENSG00000114120,SLC25A36,chr3,protein_coding,0,0,0,1
539991,ENSG00000177311.11,ENSG00000177311,ZBTB38,chr3,protein_coding,0,0,0,1
544425,ENSG00000071794.15,ENSG00000071794,HLTF,chr3,protein_coding,1,0,0,0
546151,ENSG00000144895.11,ENSG00000144895,EIF2A,chr3,protein_coding,0,0,0,1
548074,ENSG00000174953.13,ENSG00000174953,DHX36,chr3,protein_coding,0,0,0,1
549281,ENSG00000163655.15,ENSG00000163655,GMPS,chr3,protein_coding,0,0,0,1
552160,ENSG00000279311.1,ENSG00000279311,RP11-170K4.2,chr3,TEC,1,0,0,0
553838,ENSG00000169251.12,ENSG00000169251,NMD3,chr3,protein_coding,0,0,0,1
556249,ENSG00000277925.1,ENSG00000277925,Telomerase-vert,chr3,misc_RNA,0,0,0,1
556252,ENSG00000184378.2,ENSG00000184378,ACTRT3,chr3,protein_coding,0,0,0,1
556266,ENSG00000085274.15,ENSG00000085274,MYNN,chr3,protein_coding,0,0,0,1
557402,ENSG00000013293.5,ENSG00000013293,SLC7A14,chr3,protein_coding,0,0,0,1
560506,ENSG00000172667.10,ENSG00000172667,ZMAT3,chr3,protein_coding,0,0,0,1
560562,ENSG00000121879.3,ENSG00000121879,PIK3CA,chr3,protein_coding,0,0,0,1
564846,ENSG00000114796.15,ENSG00000114796,KLHL24,chr3,protein_coding,0,0,0,1
571465,ENSG00000073792.15,ENSG00000073792,IGF2BP2,chr3,protein_coding,0,0,0,1
585985,ENSG00000178950.16,ENSG00000178950,GAK,chr4,protein_coding,0,0,0,1
590166,ENSG00000123933.15,ENSG00000123933,MXD4,chr4,protein_coding,0,0,0,1
598540,ENSG00000178163.7,ENSG00000178163,ZNF518B,chr4,protein_coding,0,0,0,1
628308,ENSG00000138750.14,ENSG00000138750,NUP54,chr4,protein_coding,1,0,0,0
628525,ENSG00000138760.8,ENSG00000138760,SCARB2,chr4,protein_coding,1,0,0,0
637101,ENSG00000152583.12,ENSG00000152583,SPARCL1,chr4,protein_coding,0,0,0,1
638288,ENSG00000138641.15,ENSG00000138641,HERC3,chr4,protein_coding,0,0,0,1
639541,ENSG00000279013.1,ENSG00000279013,RP11-254A24.2,chr4,TEC,0,0,0,1
643162,ENSG00000164031.16,ENSG00000164031,DNAJB14,chr4,protein_coding,0,0,0,1
652796,ENSG00000145349.16,ENSG00000145349,CAMK2D,chr4,protein_coding,0,0,0,1
653614,ENSG00000164100.8,ENSG00000164100,NDST3,chr4,protein_coding,0,0,0,1
659159,ENSG00000151470.12,ENSG00000151470,C4orf33,chr4,protein_coding,0,0,0,1
660861,ENSG00000153132.12,ENSG00000153132,CLGN,chr4,protein_coding,0,0,0,1
662494,ENSG00000153147.5,ENSG00000153147,SMARCA5,chr4,protein_coding,1,0,0,0
664786,ENSG00000164169.12,ENSG00000164169,PRMT9,chr4,protein_coding,0,0,0,1
669166,ENSG00000250538.5,ENSG00000250538,RP11-92A5.2,chr4,antisense,0,0,0,1
669198,ENSG00000164114.18,ENSG00000164114,MAP9,chr4,protein_coding,0,0,0,1
672618,ENSG00000183439.7,ENSG00000183439,TRIM61,chr4,protein_coding,1,0,0,0
674840,ENSG00000145439.11,ENSG00000145439,CBR4,chr4,protein_coding,0,0,0,1
676290,ENSG00000164104.11,ENSG00000164104,HMGB2,chr4,protein_coding,0,0,0,1
685423,ENSG00000171368.11,ENSG00000171368,TPPP,chr5,protein_coding,0,0,0,1
691877,ENSG00000215196.4,ENSG00000215196,AC091878.1,chr5,antisense,0,0,0,1
700902,ENSG00000113638.13,ENSG00000113638,TTC33,chr5,protein_coding,0,0,0,1
702903,ENSG00000151881.14,ENSG00000151881,TMEM267,chr5,protein_coding,0,0,0,1
702977,ENSG00000172244.8,ENSG00000172244,C5orf34,chr5,protein_coding,0,0,0,1
708330,ENSG00000062194.15,ENSG00000062194,GPBP1,chr5,protein_coding,0,0,0,1
708774,ENSG00000113448.17,ENSG00000113448,PDE4D,chr5,protein_coding,0,0,0,1
713386,ENSG00000145675.14,ENSG00000145675,PIK3R1,chr5,protein_coding,0,0,0,1
715309,ENSG00000197822.10,ENSG00000197822,OCLN,chr5,protein_coding,0,0,0,1
715679,ENSG00000250138.4,ENSG00000250138,RP11-848G14.5,chr5,unprocessed_pseudogene,1,0,0,0
719847,ENSG00000198780.11,ENSG00000198780,FAM169A,chr5,protein_coding,0,0,0,1
723153,ENSG00000085365.17,ENSG00000085365,SCAMP1,chr5,protein_coding,0,0,0,1
725074,ENSG00000113319.11,ENSG00000113319,RASGRF2,chr5,protein_coding,0,0,0,1
727015,ENSG00000145715.14,ENSG00000145715,RASA1,chr5,protein_coding,0,0,0,1
733509,ENSG00000251513.2,ENSG00000251513,CTD-2215E18.1,chr5,lincRNA,1,0,0,0
751471,ENSG00000273345.5,ENSG00000273345,CTD-2410N18.4,chr5,processed_transcript,0,0,0,1
758036,ENSG00000015479.17,ENSG00000015479,MATR3,chr5,protein_coding,0,0,0,1
758918,ENSG00000249751.3,ENSG00000249751,ECSCR,chr5,protein_coding,0,0,0,1
763163,ENSG00000276547.1,ENSG00000276547,PCDHGB5,chr5,protein_coding,0,0,0,1
764682,ENSG00000081791.8,ENSG00000081791,KIAA0141,chr5,protein_coding,0,0,0,1
766199,ENSG00000183775.10,ENSG00000183775,KCTD16,chr5,protein_coding,0,0,0,1
766804,ENSG00000091009.7,ENSG00000091009,RBM27,chr5,protein_coding,0,0,0,1
770108,ENSG00000249669.8,ENSG00000249669,CARMN,chr5,lincRNA,1,0,0,1
775759,ENSG00000037749.11,ENSG00000037749,MFAP3,chr5,protein_coding,0,0,0,1
776004,ENSG00000164576.11,ENSG00000164576,SAP30L,chr5,protein_coding,0,0,0,1
778443,ENSG00000113272.13,ENSG00000113272,THG1L,chr5,protein_coding,0,0,0,1
780001,ENSG00000145864.12,ENSG00000145864,GABRB2,chr5,protein_coding,0,0,0,1
780658,ENSG00000113327.14,ENSG00000113327,GABRG2,chr5,protein_coding,0,0,0,1
784911,ENSG00000072786.12,ENSG00000072786,STK10,chr5,protein_coding,0,0,0,1
795348,ENSG00000161021.11,ENSG00000161021,MAML1,chr5,protein_coding,0,0,0,1
799289,ENSG00000112685.13,ENSG00000112685,EXOC2,chr6,protein_coding,0,0,0,1
800614,ENSG00000137266.14,ENSG00000137266,SLC22A23,chr6,protein_coding,0,0,0,1
802865,ENSG00000096696.13,ENSG00000096696,DSP,chr6,protein_coding,0,0,0,1
808528,ENSG00000172197.10,ENSG00000172197,MBOAT1,chr6,protein_coding,0,0,0,1
811513,ENSG00000124575.6,ENSG00000124575,HIST1H1D,chr6,protein_coding,0,0,0,1
813095,ENSG00000096654.15,ENSG00000096654,ZNF184,chr6,protein_coding,0,0,0,1
814200,ENSG00000232040.2,ENSG00000232040,ZBED9,chr6,protein_coding,0,0,0,1
815658,ENSG00000273340.1,ENSG00000273340,MICE,chr6,transcribed_unprocessed_pseudogene,1,0,0,0
819540,ENSG00000137411.16,ENSG00000137411,VARS2,chr6,protein_coding,0,0,0,1
834477,ENSG00000124493.13,ENSG00000124493,GRM4,chr6,protein_coding,0,0,0,1
835478,ENSG00000064999.13,ENSG00000064999,ANKS1A,chr6,protein_coding,0,0,0,1
839106,ENSG00000146192.14,ENSG00000146192,FGD2,chr6,protein_coding,0,0,0,1
842684,ENSG00000112561.17,ENSG00000112561,TFEB,chr6,protein_coding,0,0,0,1
846960,ENSG00000124574.14,ENSG00000124574,ABCC10,chr6,protein_coding,0,0,0,1
847185,ENSG00000137221.14,ENSG00000137221,TJAP1,chr6,protein_coding,0,0,0,1
851623,ENSG00000146085.7,ENSG00000146085,MUT,chr6,protein_coding,0,0,0,1
857139,ENSG00000168116.13,ENSG00000168116,KIAA1586,chr6,protein_coding,0,0,0,1
857539,ENSG00000112210.11,ENSG00000112210,RAB23,chr6,protein_coding,0,0,0,1
858642,ENSG00000135298.13,ENSG00000135298,ADGRB3,chr6,protein_coding,0,0,0,1
861589,ENSG00000229852.2,ENSG00000229852,RP11-398K22.12,chr6,antisense,0,0,0,1
862225,ENSG00000119899.12,ENSG00000119899,SLC17A5,chr6,protein_coding,0,0,0,1
864786,ENSG00000198478.7,ENSG00000198478,SH3BGRL2,chr6,protein_coding,0,0,0,1
866414,ENSG00000013392.7,ENSG00000013392,RWDD2A,chr6,protein_coding,0,0,0,1
868513,ENSG00000220563.1,ENSG00000220563,PKMP3,chr6,processed_pseudogene,1,0,0,0
869651,ENSG00000111880.15,ENSG00000111880,RNGTT,chr6,protein_coding,0,0,0,1
871770,ENSG00000112214.10,ENSG00000112214,FHL5,chr6,protein_coding,0,0,0,1
872397,ENSG00000146267.11,ENSG00000146267,FAXC,chr6,protein_coding,0,0,0,1
874557,ENSG00000057663.13,ENSG00000057663,ATG5,chr6,protein_coding,0,0,0,1
877346,ENSG00000112365.4,ENSG00000112365,ZBTB24,chr6,protein_coding,0,0,0,1
881360,ENSG00000111816.7,ENSG00000111816,FRK,chr6,protein_coding,0,0,0,1
882552,ENSG00000047932.13,ENSG00000047932,GOPC,chr6,protein_coding,0,0,0,1
883797,ENSG00000279453.1,ENSG00000279453,RP3-425C14.4,chr6,TEC,0,0,0,1
884744,ENSG00000111906.17,ENSG00000111906,HDDC2,chr6,protein_coding,0,0,0,1
884913,ENSG00000111912.19,ENSG00000111912,NCOA7,chr6,protein_coding,0,0,0,1
885418,ENSG00000146374.13,ENSG00000146374,RSPO3,chr6,protein_coding,0,0,0,1
886256,ENSG00000152894.14,ENSG00000152894,PTPRK,chr6,protein_coding,1,0,0,0
887417,ENSG00000198945.7,ENSG00000198945,L3MBTL3,chr6,protein_coding,0,0,0,1
889553,ENSG00000197594.11,ENSG00000197594,ENPP1,chr6,protein_coding,0,0,0,1
889758,ENSG00000079931.14,ENSG00000079931,MOXD1,chr6,protein_coding,0,0,0,1
894170,ENSG00000029363.15,ENSG00000029363,BCLAF1,chr6,protein_coding,0,0,0,1
905518,ENSG00000146426.17,ENSG00000146426,TIAM2,chr6,protein_coding,0,0,0,1
908188,ENSG00000112096.16,ENSG00000112096,SOD2,chr6,protein_coding,0,0,0,1
910101,ENSG00000026652.13,ENSG00000026652,AGPAT4,chr6,protein_coding,0,0,0,1
915262,ENSG00000223855.1,ENSG00000223855,HRAT92,chr7,lincRNA,0,0,0,1
916506,ENSG00000240230.5,ENSG00000240230,COX19,chr7,protein_coding,1,0,0,0
918257,ENSG00000136213.9,ENSG00000136213,CHST12,chr7,protein_coding,0,0,0,1
919731,ENSG00000164916.10,ENSG00000164916,FOXK1,chr7,protein_coding,0,0,0,1
922067,ENSG00000008256.15,ENSG00000008256,CYTH3,chr7,protein_coding,0,0,0,1
923722,ENSG00000164654.15,ENSG00000164654,MIOS,chr7,protein_coding,0,0,0,1
924107,ENSG00000003147.17,ENSG00000003147,ICA1,chr7,protein_coding,0,0,0,1
926202,ENSG00000136267.13,ENSG00000136267,DGKB,chr7,protein_coding,0,0,0,1
926741,ENSG00000171243.7,ENSG00000171243,SOSTDC1,chr7,protein_coding,0,0,0,1
927607,ENSG00000071189.21,ENSG00000071189,SNX13,chr7,protein_coding,0,0,0,1
931831,ENSG00000105926.15,ENSG00000105926,MPP6,chr7,protein_coding,0,0,0,1
933988,ENSG00000106052.13,ENSG00000106052,TAX1BP1,chr7,protein_coding,0,0,0,1
938109,ENSG00000205763.13,ENSG00000205763,RP9P,chr7,transcribed_unprocessed_pseudogene,1,0,0,0
939634,ENSG00000228878.7,ENSG00000228878,SEPT7-AS1,chr7,lincRNA,1,0,0,0
940060,ENSG00000164542.12,ENSG00000164542,KIAA0895,chr7,protein_coding,0,0,0,1
943022,ENSG00000106591.3,ENSG00000106591,MRPL32,chr7,protein_coding,0,0,0,1
944140,ENSG00000136279.19,ENSG00000136279,DBNL,chr7,protein_coding,0,0,0,1
946327,ENSG00000015520.14,ENSG00000015520,NPC1L1,chr7,protein_coding,1,0,0,0
957565,ENSG00000277149.4,ENSG00000277149,TYW1B,chr7,protein_coding,0,0,0,1
957659,ENSG00000225648.5,ENSG00000225648,SBDSP1,chr7,transcribed_unprocessed_pseudogene,0,0,0,1
962493,ENSG00000263001.5,ENSG00000263001,GTF2I,chr7,protein_coding,0,0,0,1
965380,ENSG00000224273.2,ENSG00000224273,AC005077.7,chr7,transcribed_unprocessed_pseudogene,1,0,0,0
971961,ENSG00000105784.15,ENSG00000105784,RUNDC3B,chr7,protein_coding,0,0,0,1
972318,ENSG00000008277.14,ENSG00000008277,ADAM22,chr7,protein_coding,0,0,0,1
973591,ENSG00000105793.15,ENSG00000105793,GTPBP10,chr7,protein_coding,0,0,0,1
977811,ENSG00000158528.11,ENSG00000158528,PPP1R9A,chr7,protein_coding,0,0,0,1
985498,ENSG00000213420.7,ENSG00000213420,GPC2,chr7,protein_coding,1,0,0,0
989239,ENSG00000146828.17,ENSG00000146828,SLC12A9,chr7,protein_coding,0,0,0,1
990756,ENSG00000106404.13,ENSG00000106404,CLDN15,chr7,protein_coding,0,0,0,1
994410,ENSG00000105819.13,ENSG00000105819,PMPCB,chr7,protein_coding,0,0,0,1
994591,ENSG00000105821.14,ENSG00000105821,DNAJC2,chr7,protein_coding,0,0,0,1
995885,ENSG00000164815.10,ENSG00000164815,ORC5,chr7,protein_coding,0,0,0,1
997825,ENSG00000005249.12,ENSG00000005249,PRKAR2B,chr7,protein_coding,0,0,0,1
998276,ENSG00000172209.5,ENSG00000172209,GPR22,chr7,protein_coding,0,0,0,1
1006526,ENSG00000081803.15,ENSG00000081803,CADPS2,chr7,protein_coding,0,0,0,1
1007964,ENSG00000279419.1,ENSG00000279419,RP5-907C10.3,chr7,TEC,1,0,0,0
1011249,ENSG00000272899.3,ENSG00000272899,RP11-309L24.4,chr7,protein_coding,0,0,0,1
1014116,ENSG00000158623.14,ENSG00000158623,COPG2,chr7,protein_coding,0,0,0,1
1015353,ENSG00000205060.10,ENSG00000205060,SLC35B4,chr7,protein_coding,0,0,0,1
1017430,ENSG00000157680.15,ENSG00000157680,DGKI,chr7,protein_coding,0,0,0,1
1018621,ENSG00000122778.9,ENSG00000122778,KIAA1549,chr7,protein_coding,0,0,0,1
1018715,ENSG00000146858.7,ENSG00000146858,ZC3HAV1L,chr7,protein_coding,0,0,0,1
1021370,ENSG00000240889.1,ENSG00000240889,NDUFB2-AS1,chr7,antisense,0,0,0,1
1021374,ENSG00000157764.12,ENSG00000157764,BRAF,chr7,protein_coding,0,0,0,1
1026059,ENSG00000196511.13,ENSG00000196511,TPK1,chr7,protein_coding,0,0,0,1
1027253,ENSG00000204947.8,ENSG00000204947,ZNF425,chr7,protein_coding,1,0,0,0
1027720,ENSG00000133624.13,ENSG00000133624,ZNF767P,chr7,transcribed_unprocessed_pseudogene,1,0,0,0
1045722,ENSG00000198791.11,ENSG00000198791,CNOT7,chr8,protein_coding,0,0,0,1
1046029,ENSG00000003987.13,ENSG00000003987,MTMR7,chr8,protein_coding,0,0,0,1
1051626,ENSG00000158863.21,ENSG00000158863,FAM160B2,chr8,protein_coding,0,0,0,1
1052189,ENSG00000168487.17,ENSG00000168487,BMP1,chr8,protein_coding,0,0,0,1
1063484,ENSG00000133878.8,ENSG00000133878,DUSP26,chr8,protein_coding,1,0,0,0
1064588,ENSG00000156675.15,ENSG00000156675,RAB11FIP1,chr8,protein_coding,1,0,0,0
1065084,ENSG00000156735.10,ENSG00000156735,BAG4,chr8,protein_coding,0,0,0,1
1070430,ENSG00000104368.17,ENSG00000104368,PLAT,chr8,protein_coding,0,0,0,1
1081624,ENSG00000175073.7,ENSG00000175073,VCPIP1,chr8,protein_coding,0,0,0,1
1086385,ENSG00000104381.12,ENSG00000104381,GDAP1,chr8,protein_coding,0,0,0,1
1087060,ENSG00000171033.12,ENSG00000171033,PKIA,chr8,protein_coding,0,0,0,1
1087545,ENSG00000076554.15,ENSG00000076554,TPD52,chr8,protein_coding,0,0,0,1
1087992,ENSG00000188856.6,ENSG00000188856,RPSAP47,chr8,processed_pseudogene,1,0,0,0
1088317,ENSG00000133731.9,ENSG00000133731,IMPA1,chr8,protein_coding,0,0,0,1
1092340,ENSG00000123119.11,ENSG00000123119,NECAB1,chr8,protein_coding,0,0,0,1
1095069,ENSG00000164951.15,ENSG00000164951,PDP1,chr8,protein_coding,0,0,0,1
1104196,ENSG00000147650.11,ENSG00000147650,LRP12,chr8,protein_coding,0,0,0,1
1105390,ENSG00000120526.10,ENSG00000120526,NUDCD1,chr8,protein_coding,0,0,0,1
1108092,ENSG00000182197.10,ENSG00000182197,EXT1,chr8,protein_coding,0,0,0,1
1108476,ENSG00000136960.12,ENSG00000136960,ENPP2,chr8,protein_coding,1,0,0,0
1109028,ENSG00000187955.11,ENSG00000187955,COL14A1,chr8,protein_coding,0,0,0,1
1110526,ENSG00000165156.14,ENSG00000165156,ZHX1,chr8,protein_coding,0,0,0,1
1112605,ENSG00000156831.7,ENSG00000156831,NSMCE2,chr8,protein_coding,0,0,0,1
1114494,ENSG00000132294.14,ENSG00000132294,EFR3A,chr8,protein_coding,0,0,0,1
1116982,ENSG00000008513.14,ENSG00000008513,ST3GAL1,chr8,protein_coding,0,0,0,1
1122095,ENSG00000177335.10,ENSG00000177335,C8orf31,chr8,processed_transcript,0,0,0,1
1124489,ENSG00000183309.11,ENSG00000183309,ZNF623,chr8,protein_coding,0,0,0,1
1125044,ENSG00000180900.17,ENSG00000180900,SCRIB,chr8,protein_coding,0,0,0,1
1130556,ENSG00000196378.11,ENSG00000196378,ZNF34,chr8,protein_coding,1,0,0,0
1133011,ENSG00000064218.4,ENSG00000064218,DMRT3,chr9,protein_coding,0,0,0,1
1135804,ENSG00000120217.13,ENSG00000120217,CD274,chr9,protein_coding,0,0,0,1
1143135,ENSG00000240498.6,ENSG00000240498,CDKN2B-AS1,chr9,antisense,1,0,0,0
1143333,ENSG00000234840.1,ENSG00000234840,LINC01239,chr9,lincRNA,1,0,0,0
1151216,ENSG00000198467.13,ENSG00000198467,TPM2,chr9,protein_coding,0,0,0,1
1152039,ENSG00000137103.16,ENSG00000137103,TMEM8B,chr9,protein_coding,0,0,0,1
1156145,ENSG00000275160.1,ENSG00000275160,RP11-187C18.3,chr9,processed_pseudogene,1,0,0,0
1162713,ENSG00000106733.20,ENSG00000106733,NMRK1,chr9,protein_coding,0,0,0,1
1163137,ENSG00000234618.1,ENSG00000234618,RPSAP9,chr9,processed_pseudogene,1,0,0,0
1166617,ENSG00000148053.15,ENSG00000148053,NTRK2,chr9,protein_coding,0,0,0,1
1166927,ENSG00000135049.15,ENSG00000135049,AGTPBP1,chr9,protein_coding,1,0,0,0
1167245,ENSG00000135040.15,ENSG00000135040,NAA35,chr9,protein_coding,0,0,0,1
1173401,ENSG00000224764.1,ENSG00000224764,RP11-54O15.3,chr9,antisense,1,0,0,0
1175294,ENSG00000228376.3,ENSG00000228376,GAS2L1P2,chr9,transcribed_processed_pseudogene,1,0,0,0
1178234,ENSG00000136897.7,ENSG00000136897,MRPL50,chr9,protein_coding,0,0,0,1
1178406,ENSG00000155827.11,ENSG00000155827,RNF20,chr9,protein_coding,1,0,0,0
1178662,ENSG00000136824.18,ENSG00000136824,SMC2,chr9,protein_coding,1,0,0,0
1182767,ENSG00000148154.9,ENSG00000148154,UGCG,chr9,protein_coding,0,0,0,1
1183571,ENSG00000225684.3,ENSG00000225684,FAM225B,chr9,lincRNA,1,0,0,0
1189340,ENSG00000261534.1,ENSG00000261534,RP11-244O19.1,chr9,sense_overlapping,0,0,0,1
1206873,ENSG00000130723.17,ENSG00000130723,PRRC2B,chr9,protein_coding,0,0,0,1
1207587,ENSG00000107263.18,ENSG00000107263,RAPGEF1,chr9,protein_coding,1,0,0,0
1212929,ENSG00000107147.12,ENSG00000107147,KCNT1,chr9,protein_coding,0,0,0,1
1217265,ENSG00000107331.16,ENSG00000107331,ABCA2,chr9,protein_coding,0,0,0,1
1220870,ENSG00000181090.18,ENSG00000181090,EHMT1,chr9,protein_coding,0,0,0,1
1230699,ENSG00000165630.13,ENSG00000165630,PRPF18,chr10,protein_coding,0,0,0,1
1231125,ENSG00000151474.20,ENSG00000151474,FRMD4A,chr10,protein_coding,0,0,0,1
1231676,ENSG00000185267.9,ENSG00000185267,CDNF,chr10,protein_coding,0,0,0,1
1232547,ENSG00000152465.17,ENSG00000152465,NMT2,chr10,protein_coding,1,0,0,0
1239486,ENSG00000150054.18,ENSG00000150054,MPP7,chr10,protein_coding,0,0,0,1
1241458,ENSG00000165322.17,ENSG00000165322,ARHGAP12,chr10,protein_coding,0,0,0,1
1245478,ENSG00000175395.15,ENSG00000175395,ZNF25,chr10,protein_coding,0,0,0,1
1245520,ENSG00000189180.15,ENSG00000189180,ZNF33A,chr10,protein_coding,1,0,0,0
1246095,ENSG00000165733.7,ENSG00000165733,BMS1,chr10,protein_coding,0,0,0,1
1253878,ENSG00000107984.9,ENSG00000107984,DKK1,chr10,protein_coding,0,0,0,1
1257860,ENSG00000196932.11,ENSG00000196932,TMEM26,chr10,protein_coding,1,0,0,0
1263932,ENSG00000107731.12,ENSG00000107731,UNC5B,chr10,protein_coding,0,0,0,1
1266813,ENSG00000227540.1,ENSG00000227540,DNAJC9-AS1,chr10,antisense,0,0,0,1
1267773,ENSG00000271848.1,ENSG00000271848,RP11-464F9.21,chr10,antisense,1,0,0,0
1269740,ENSG00000156110.13,ENSG00000156110,ADK,chr10,protein_coding,0,0,0,1
1270350,ENSG00000156671.12,ENSG00000156671,SAMD8,chr10,protein_coding,0,0,0,1
1272052,ENSG00000151208.16,ENSG00000151208,DLG5,chr10,protein_coding,0,0,0,1
1275854,ENSG00000173269.13,ENSG00000173269,MMRN2,chr10,protein_coding,0,0,0,1
1276608,ENSG00000171862.9,ENSG00000171862,PTEN,chr10,protein_coding,0,0,0,1
1277154,ENSG00000107796.13,ENSG00000107796,ACTA2,chr10,protein_coding,0,0,0,1
1277690,ENSG00000185745.9,ENSG00000185745,IFIT1,chr10,protein_coding,0,0,0,1
1278325,ENSG00000180628.14,ENSG00000180628,PCGF5,chr10,protein_coding,0,0,0,1
1279171,ENSG00000138160.5,ENSG00000138160,KIF11,chr10,protein_coding,0,0,0,1
1288179,ENSG00000227695.5,ENSG00000227695,DNMBP-AS1,chr10,antisense,1,0,0,0
1294072,ENSG00000107957.16,ENSG00000107957,SH3PXD2A,chr10,protein_coding,0,0,0,1
1297017,ENSG00000108061.11,ENSG00000108061,SHOC2,chr10,protein_coding,0,0,0,1
1297773,ENSG00000260917.1,ENSG00000260917,RP11-57H14.4,chr10,sense_overlapping,0,0,0,1
1299177,ENSG00000198924.7,ENSG00000198924,DCLRE1A,chr10,protein_coding,0,0,0,1
1299274,ENSG00000165813.17,ENSG00000165813,CCDC186,chr10,protein_coding,0,0,0,1
1304326,ENSG00000107669.17,ENSG00000107669,ATE1,chr10,protein_coding,0,0,0,1
1307118,ENSG00000232334.1,ENSG00000232334,RP11-47G11.2,chr10,processed_pseudogene,1,0,0,0
1307391,ENSG00000189319.13,ENSG00000189319,FAM53B,chr10,protein_coding,0,0,0,1
1307561,ENSG00000019995.6,ENSG00000019995,ZRANB1,chr10,protein_coding,0,0,0,1
1308643,ENSG00000089876.11,ENSG00000089876,DHX32,chr10,protein_coding,0,0,0,1
1315540,ENSG00000070047.11,ENSG00000070047,PHRF1,chr11,protein_coding,0,0,0,1
1316876,ENSG00000177042.14,ENSG00000177042,TMEM80,chr11,protein_coding,0,0,0,1
1318192,ENSG00000177697.17,ENSG00000177697,CD151,chr11,protein_coding,0,0,0,1
1318477,ENSG00000214063.10,ENSG00000214063,TSPAN4,chr11,protein_coding,0,0,0,1
1325021,ENSG00000005801.16,ENSG00000005801,ZNF195,chr11,protein_coding,0,0,0,1
1326096,ENSG00000148985.19,ENSG00000148985,PGAP2,chr11,protein_coding,0,0,0,1
1326912,ENSG00000167325.14,ENSG00000167325,RRM1,chr11,protein_coding,0,0,0,1
1346187,ENSG00000177054.13,ENSG00000177054,ZDHHC13,chr11,protein_coding,0,0,0,1
1349717,ENSG00000152219.4,ENSG00000152219,ARL14EP,chr11,protein_coding,0,0,0,1
1351006,ENSG00000049449.8,ENSG00000049449,RCN1,chr11,protein_coding,0,0,0,1
1351100,ENSG00000281880.1,ENSG00000281880,PAUPAR,chr11,lincRNA,1,0,0,0
1355653,ENSG00000148948.7,ENSG00000148948,LRRC4C,chr11,protein_coding,1,0,0,0
1381825,ENSG00000185475.9,ENSG00000185475,TMEM179B,chr11,protein_coding,0,0,0,1
1389911,ENSG00000068971.13,ENSG00000068971,PPP2R5B,chr11,protein_coding,1,0,0,0
1395638,ENSG00000254470.2,ENSG00000254470,AP5B1,chr11,protein_coding,0,0,0,1
1413883,ENSG00000186635.14,ENSG00000186635,ARAP1,chr11,protein_coding,0,0,0,1
1414757,ENSG00000168010.10,ENSG00000168010,ATG16L2,chr11,protein_coding,0,0,0,1
1421183,ENSG00000182704.7,ENSG00000182704,TSKU,chr11,protein_coding,0,0,0,1
1422938,ENSG00000254985.1,ENSG00000254985,RSF1-IT2,chr11,sense_intronic,1,0,0,0
1424262,ENSG00000149256.15,ENSG00000149256,TENM4,chr11,protein_coding,0,0,0,1
1428423,ENSG00000149201.9,ENSG00000149201,CCDC81,chr11,protein_coding,1,0,0,0
1430729,ENSG00000165323.15,ENSG00000165323,FAT3,chr11,protein_coding,0,0,0,1
1430953,ENSG00000180773.14,ENSG00000180773,SLC36A4,chr11,protein_coding,0,0,0,1
1433770,ENSG00000087053.18,ENSG00000087053,MTMR2,chr11,protein_coding,1,0,0,0
1434930,ENSG00000137672.12,ENSG00000137672,TRPC6,chr11,protein_coding,0,0,0,1
1437070,ENSG00000256422.5,ENSG00000256422,RP11-886D15.1,chr11,lincRNA,0,0,0,1
1438308,ENSG00000170903.10,ENSG00000170903,MSANTD4,chr11,protein_coding,0,0,0,1
1438511,ENSG00000152402.10,ENSG00000152402,GUCY1A2,chr11,protein_coding,0,0,0,1
1439153,ENSG00000166266.13,ENSG00000166266,CUL5,chr11,protein_coding,0,0,0,1
1457290,ENSG00000196914.8,ENSG00000196914,ARHGEF12,chr11,protein_coding,0,0,0,1
1467559,ENSG00000080854.14,ENSG00000080854,IGSF9B,chr11,protein_coding,0,0,0,1
1467815,ENSG00000151503.12,ENSG00000151503,NCAPD3,chr11,protein_coding,0,0,0,1
1468999,ENSG00000111181.12,ENSG00000111181,SLC6A12,chr12,protein_coding,1,0,0,0
1488429,ENSG00000256937.1,ENSG00000256937,KRT17P8,chr12,processed_pseudogene,1,0,0,0
1489911,ENSG00000173391.8,ENSG00000173391,OLR1,chr12,protein_coding,1,0,0,0
1500317,ENSG00000139163.15,ENSG00000139163,ETNK1,chr12,protein_coding,0,0,0,1
1501593,ENSG00000118307.18,ENSG00000118307,CASC1,chr12,protein_coding,0,0,0,1
1504549,ENSG00000087448.9,ENSG00000087448,KLHL42,chr12,protein_coding,0,0,0,1
1504709,ENSG00000123106.10,ENSG00000123106,CCDC91,chr12,protein_coding,0,0,0,1
1505501,ENSG00000187950.8,ENSG00000187950,OVCH1,chr12,protein_coding,1,0,0,0
1506445,ENSG00000110900.14,ENSG00000110900,TSPAN11,chr12,protein_coding,0,0,0,1
1509363,ENSG00000110975.8,ENSG00000110975,SYT10,chr12,protein_coding,0,0,0,1
1515290,ENSG00000139211.6,ENSG00000139211,AMIGO2,chr12,protein_coding,0,0,0,1
1515640,ENSG00000111405.8,ENSG00000111405,ENDOU,chr12,protein_coding,0,0,0,1
1521225,ENSG00000167548.14,ENSG00000167548,KMT2D,chr12,protein_coding,0,0,0,1
1523623,ENSG00000161791.13,ENSG00000161791,FMNL3,chr12,protein_coding,0,0,0,1
1524239,ENSG00000167566.16,ENSG00000167566,NCKAP5L,chr12,protein_coding,0,0,0,1
1554677,ENSG00000175215.10,ENSG00000175215,CTDSP2,chr12,protein_coding,0,0,0,1
1554805,ENSG00000257698.1,ENSG00000257698,RP11-620J15.3,chr12,lincRNA,0,0,0,1
1555127,ENSG00000118596.11,ENSG00000118596,SLC16A7,chr12,protein_coding,0,0,0,1
1557019,ENSG00000184575.11,ENSG00000184575,XPOT,chr12,protein_coding,0,0,0,1
1558708,ENSG00000155974.11,ENSG00000155974,GRIP1,chr12,protein_coding,0,0,0,1
1565729,ENSG00000139278.9,ENSG00000139278,GLIPR1,chr12,protein_coding,0,0,0,1
1565789,ENSG00000111615.13,ENSG00000111615,KRR1,chr12,protein_coding,0,0,0,1
1565927,ENSG00000187109.13,ENSG00000187109,NAP1L1,chr12,protein_coding,0,0,0,1
1566989,ENSG00000186908.14,ENSG00000186908,ZDHHC17,chr12,protein_coding,0,0,0,1
1567206,ENSG00000175183.9,ENSG00000175183,CSRP2,chr12,protein_coding,1,0,0,0
1567418,ENSG00000067798.14,ENSG00000067798,NAV3,chr12,protein_coding,0,0,0,1
1570832,ENSG00000072041.16,ENSG00000072041,SLC6A15,chr12,protein_coding,0,0,0,1
1572201,ENSG00000049130.13,ENSG00000049130,KITLG,chr12,protein_coding,0,0,0,1
1573879,ENSG00000198015.12,ENSG00000198015,MRPL42,chr12,protein_coding,0,0,0,1
1595632,ENSG00000089234.15,ENSG00000089234,BRAP,chr12,protein_coding,0,0,0,1
1599153,ENSG00000186815.12,ENSG00000186815,TPCN1,chr12,protein_coding,0,0,0,1
1609079,ENSG00000176383.8,ENSG00000176383,B3GNT4,chr12,protein_coding,0,0,0,1
1617252,ENSG00000250208.6,ENSG00000250208,FZD10-AS1,chr12,processed_transcript,0,0,0,1
1620611,ENSG00000090615.13,ENSG00000090615,GOLGA3,chr12,protein_coding,0,0,0,1
1623036,ENSG00000121741.16,ENSG00000121741,ZMYM2,chr13,protein_coding,0,0,0,1
1624638,ENSG00000151835.14,ENSG00000151835,SACS,chr13,protein_coding,0,0,0,1
1628656,ENSG00000213411.2,ENSG00000213411,RBM22P2,chr13,processed_pseudogene,1,0,0,0
1629154,ENSG00000187676.7,ENSG00000187676,B3GLCT,chr13,protein_coding,0,0,0,1
1630974,ENSG00000172915.18,ENSG00000172915,NBEA,chr13,protein_coding,0,0,0,1
1642776,ENSG00000136098.16,ENSG00000136098,NEK3,chr13,protein_coding,1,0,0,0
1645687,ENSG00000118922.17,ENSG00000118922,KLF12,chr13,protein_coding,0,0,0,1
1648367,ENSG00000152193.7,ENSG00000152193,RNF219,chr13,protein_coding,0,0,0,1
1649418,ENSG00000152749.7,ENSG00000152749,GPR180,chr13,protein_coding,0,0,0,1
1650478,ENSG00000125249.6,ENSG00000125249,RAP2A,chr13,protein_coding,0,0,0,1
1654048,ENSG00000102466.15,ENSG00000102466,FGF14,chr13,protein_coding,0,0,0,1
1657696,ENSG00000126217.20,ENSG00000126217,MCF2L,chr13,protein_coding,0,0,0,1
1659408,ENSG00000150401.14,ENSG00000150401,DCUN1D2,chr13,protein_coding,0,0,0,1
1660169,ENSG00000130177.14,ENSG00000130177,CDC16,chr13,protein_coding,0,0,0,1
1661524,ENSG00000100814.17,ENSG00000100814,CCNB1IP1,chr14,protein_coding,1,0,0,1
1665616,ENSG00000165801.9,ENSG00000165801,ARHGEF40,chr14,protein_coding,0,0,0,1
1673256,ENSG00000092054.12,ENSG00000092054,MYH7,chr14,protein_coding,0,0,0,1
1673508,ENSG00000136367.13,ENSG00000136367,ZFHX2,chr14,protein_coding,0,0,0,1
1674603,ENSG00000186648.14,ENSG00000186648,CARMIL3,chr14,protein_coding,0,0,0,1
1683543,ENSG00000092148.12,ENSG00000092148,HECTD1,chr14,protein_coding,0,0,0,1
1690389,ENSG00000165355.7,ENSG00000165355,FBXO33,chr14,protein_coding,0,0,0,1
1690677,ENSG00000179454.13,ENSG00000179454,KLHL28,chr14,protein_coding,0,0,0,1
1694920,ENSG00000100505.13,ENSG00000100505,TRIM9,chr14,protein_coding,0,0,0,1
1695856,ENSG00000087301.8,ENSG00000087301,TXNDC16,chr14,protein_coding,0,0,0,1
1695932,ENSG00000180998.11,ENSG00000180998,GPR137C,chr14,protein_coding,0,0,0,1
1695987,ENSG00000197930.12,ENSG00000197930,ERO1A,chr14,protein_coding,0,0,0,1
1703502,ENSG00000100614.17,ENSG00000100614,PPM1A,chr14,protein_coding,0,0,0,1
1704983,ENSG00000139973.16,ENSG00000139973,SYT16,chr14,protein_coding,0,0,0,1
1705429,ENSG00000140006.11,ENSG00000140006,WDR89,chr14,protein_coding,0,0,0,1
1713257,ENSG00000100647.7,ENSG00000100647,SUSD6,chr14,protein_coding,0,0,0,1
1714142,ENSG00000006432.15,ENSG00000006432,MAP3K9,chr14,protein_coding,1,0,0,0
1724366,ENSG00000009830.11,ENSG00000009830,POMT2,chr14,protein_coding,0,0,0,1
1724881,ENSG00000100580.7,ENSG00000100580,TMED8,chr14,protein_coding,0,0,0,1
1727321,ENSG00000071537.13,ENSG00000071537,SEL1L,chr14,protein_coding,0,0,0,1
1739919,ENSG00000100749.7,ENSG00000100749,VRK1,chr14,protein_coding,0,0,0,1
1748067,ENSG00000270108.1,ENSG00000270108,RP11-73M18.6,chr14,sense_intronic,1,0,0,0
1748421,ENSG00000088808.16,ENSG00000088808,PPP1R13B,chr14,protein_coding,1,0,0,0
1751281,ENSG00000179364.13,ENSG00000179364,PACS2,chr14,protein_coding,0,0,0,1
1754870,ENSG00000276550.4,ENSG00000276550,HERC2P2,chr15,transcribed_unprocessed_pseudogene,1,0,0,0
1755577,ENSG00000275835.4,ENSG00000275835,TUBGCP5,chr15,protein_coding,1,0,0,0
1757031,ENSG00000200486.1,ENSG00000200486,SNORD115-11,chr15,snoRNA,1,0,0,0
1768078,ENSG00000236914.3,ENSG00000236914,RP11-1008C21.2,chr15,lincRNA,1,0,0,0
1770590,ENSG00000128928.8,ENSG00000128928,IVD,chr15,protein_coding,0,0,0,1
1774585,ENSG00000137802.13,ENSG00000137802,MAPKBP1,chr15,protein_coding,0,0,0,1
1776126,ENSG00000103978.15,ENSG00000103978,TMEM87A,chr15,protein_coding,1,0,0,0
1779567,ENSG00000168806.7,ENSG00000168806,LCMT2,chr15,protein_coding,1,0,0,0
1781674,ENSG00000166762.16,ENSG00000166762,CATSPER2,chr15,protein_coding,1,0,0,0
1788704,ENSG00000166200.14,ENSG00000166200,COPS2,chr15,protein_coding,0,0,0,1
1796330,ENSG00000260392.5,ENSG00000260392,RP11-1129I3.1,chr15,sense_overlapping,1,0,0,0
1798880,ENSG00000137776.16,ENSG00000137776,SLTM,chr15,protein_coding,1,0,0,0
1799526,ENSG00000157470.11,ENSG00000157470,FAM81A,chr15,protein_coding,0,0,0,1
1803104,ENSG00000103642.11,ENSG00000103642,LACTB,chr15,protein_coding,0,0,0,1
1803232,ENSG00000166128.12,ENSG00000166128,RAB8B,chr15,protein_coding,0,0,0,1
1807076,ENSG00000074603.18,ENSG00000074603,DPP8,chr15,protein_coding,0,0,0,1
1811634,ENSG00000169018.5,ENSG00000169018,FEM1B,chr15,protein_coding,0,0,0,1
1814220,ENSG00000137821.11,ENSG00000137821,LRRC49,chr15,protein_coding,0,0,0,1
1832643,ENSG00000103888.15,ENSG00000103888,CEMIP,chr15,protein_coding,0,0,0,1
1836939,ENSG00000136383.6,ENSG00000136383,ALPK3,chr15,protein_coding,0,0,0,1
1840981,ENSG00000255571.7,ENSG00000255571,MIR9-3HG,chr15,lincRNA,0,0,0,1
1842513,ENSG00000183208.12,ENSG00000183208,GDPGP1,chr15,protein_coding,0,0,0,1
1851678,ENSG00000206172.8,ENSG00000206172,HBA1,chr16,protein_coding,1,0,0,0
1852669,ENSG00000103126.14,ENSG00000103126,AXIN1,chr16,protein_coding,0,0,0,1
1853387,ENSG00000090565.15,ENSG00000090565,RAB11FIP3,chr16,protein_coding,0,0,0,1
1853555,ENSG00000103326.11,ENSG00000103326,CAPN15,chr16,protein_coding,0,0,0,1
1857672,ENSG00000260807.6,ENSG00000260807,RP11-161M6.2,chr16,lincRNA,0,0,0,1
1859341,ENSG00000059145.18,ENSG00000059145,UNKL,chr16,protein_coding,0,0,0,1
1860358,ENSG00000007545.15,ENSG00000007545,CRAMP1,chr16,protein_coding,0,0,0,1
1861127,ENSG00000197774.12,ENSG00000197774,EME2,chr16,protein_coding,0,0,0,1
1863059,ENSG00000103197.16,ENSG00000103197,TSC2,chr16,protein_coding,0,0,0,1
1867195,ENSG00000269937.1,ENSG00000269937,RP11-20I23.8,chr16,antisense,1,0,0,1
1870503,ENSG00000103313.12,ENSG00000103313,MEFV,chr16,protein_coding,0,0,0,1
1872161,ENSG00000188827.10,ENSG00000188827,SLX4,chr16,protein_coding,0,0,0,1
1881426,ENSG00000182108.9,ENSG00000182108,DEXI,chr16,protein_coding,1,0,0,0
1883555,ENSG00000262267.5,ENSG00000262267,U95743.1,chr16,lincRNA,0,0,0,1
1885684,ENSG00000085721.12,ENSG00000085721,RRN3,chr16,protein_coding,0,0,0,1
1893675,ENSG00000066654.13,ENSG00000066654,THUMPD1,chr16,protein_coding,0,0,0,1
1913778,ENSG00000282034.1,ENSG00000282034,RP11-2C24.9,chr16,protein_coding,0,0,0,1
1915266,ENSG00000167395.10,ENSG00000167395,ZNF646,chr16,protein_coding,0,0,0,1
1917752,ENSG00000185947.14,ENSG00000185947,ZNF267,chr16,protein_coding,0,0,0,1
1921489,ENSG00000196470.11,ENSG00000196470,SIAH1,chr16,protein_coding,0,0,0,1
1922175,ENSG00000121274.12,ENSG00000121274,PAPD5,chr16,protein_coding,0,0,0,1
1928121,ENSG00000070915.9,ENSG00000070915,SLC12A3,chr16,protein_coding,1,0,0,0
1930338,ENSG00000102934.9,ENSG00000102934,PLLP,chr16,protein_coding,1,0,0,0
1936982,ENSG00000179776.17,ENSG00000179776,CDH5,chr16,protein_coding,0,0,0,1
1937125,ENSG00000166546.13,ENSG00000166546,BEAN1,chr16,protein_coding,0,0,0,1
1941818,ENSG00000135723.13,ENSG00000135723,FHOD1,chr16,protein_coding,0,0,0,1
1953471,ENSG00000157368.10,ENSG00000157368,IL34,chr16,protein_coding,1,0,0,0
1957751,ENSG00000271009.2,ENSG00000271009,RP11-346C20.3,chr16,lincRNA,0,0,0,1
1963474,ENSG00000279294.1,ENSG00000279294,RP11-274A11.3,chr16,TEC,1,0,0,0
1964826,ENSG00000103160.11,ENSG00000103160,HSDL1,chr16,protein_coding,0,0,0,1
1967708,ENSG00000103248.18,ENSG00000103248,MTHFSD,chr16,protein_coding,0,0,0,1
1969960,ENSG00000260630.6,ENSG00000260630,SNAI3-AS1,chr16,antisense,0,0,0,1
1974615,ENSG00000258839.2,ENSG00000258839,MC1R,chr16,protein_coding,1,0,0,0
1976349,ENSG00000183688.4,ENSG00000183688,FAM101B,chr17,protein_coding,0,0,0,1
1978039,ENSG00000197879.14,ENSG00000197879,MYO1C,chr17,protein_coding,0,0,0,1
1979014,ENSG00000167703.14,ENSG00000167703,SLC43A2,chr17,protein_coding,1,0,0,1
1979795,ENSG00000167716.18,ENSG00000167716,WDR81,chr17,protein_coding,0,0,0,1
1983503,ENSG00000040531.14,ENSG00000040531,CTNS,chr17,protein_coding,0,0,0,1
1994198,ENSG00000004975.11,ENSG00000004975,DVL2,chr17,protein_coding,0,0,0,1
2009807,ENSG00000221926.11,ENSG00000221926,TRIM16,chr17,protein_coding,1,0,0,0
2013018,ENSG00000133030.19,ENSG00000133030,MPRIP,chr17,protein_coding,0,0,0,1
2016032,ENSG00000131899.10,ENSG00000131899,LLGL1,chr17,protein_coding,0,0,0,1
2018106,ENSG00000108448.20,ENSG00000108448,TRIM16L,chr17,protein_coding,1,0,0,0
2023048,ENSG00000236819.1,ENSG00000236819,LINC01563,chr17,lincRNA,0,0,0,1
2023196,ENSG00000274180.1,ENSG00000274180,NATD1,chr17,protein_coding,0,0,0,1
2024026,ENSG00000141068.13,ENSG00000141068,KSR1,chr17,protein_coding,0,0,0,1
2026723,ENSG00000007202.14,ENSG00000007202,KIAA0100,chr17,protein_coding,0,0,0,1
2034610,ENSG00000178691.10,ENSG00000178691,SUZ12,chr17,protein_coding,0,0,0,1
2037118,ENSG00000132141.13,ENSG00000132141,CCT6B,chr17,protein_coding,0,0,0,1
2046342,ENSG00000141750.6,ENSG00000141750,STAC2,chr17,protein_coding,1,0,0,0
2046988,ENSG00000131748.15,ENSG00000131748,STARD3,chr17,protein_coding,0,0,0,1
2054632,ENSG00000204815.9,ENSG00000204815,TTC25,chr17,protein_coding,0,0,0,1
2058747,ENSG00000197291.8,ENSG00000197291,RAMP2-AS1,chr17,lincRNA,0,0,0,1
2068831,ENSG00000159314.11,ENSG00000159314,ARHGAP27,chr17,protein_coding,0,0,0,1
2075691,ENSG00000170703.15,ENSG00000170703,TTLL6,chr17,protein_coding,0,0,0,1
2083709,ENSG00000108846.15,ENSG00000108846,ABCC3,chr17,protein_coding,0,0,0,1
2084432,ENSG00000173714.7,ENSG00000173714,WFIKKN2,chr17,protein_coding,0,0,0,1
2086491,ENSG00000108924.13,ENSG00000108924,HLF,chr17,protein_coding,0,0,0,1
2087021,ENSG00000153933.9,ENSG00000153933,DGKE,chr17,protein_coding,0,0,0,1
2092675,ENSG00000108443.13,ENSG00000108443,RPS6KB1,chr17,protein_coding,0,0,0,1
2098390,ENSG00000108588.13,ENSG00000108588,CCDC47,chr17,protein_coding,0,0,0,1
2103676,ENSG00000197170.9,ENSG00000197170,PSMD12,chr17,protein_coding,0,0,0,1
2127909,ENSG00000167291.15,ENSG00000167291,TBC1D16,chr17,protein_coding,0,0,0,1
2131608,ENSG00000167302.10,ENSG00000167302,TEPSIN,chr17,protein_coding,0,0,0,1
2132003,ENSG00000262223.6,ENSG00000262223,RP11-1055B8.3,chr17,lincRNA,1,0,0,0
2132443,ENSG00000185504.16,ENSG00000185504,FAAP100,chr17,protein_coding,0,0,0,1
2134313,ENSG00000263731.1,ENSG00000263731,RP11-498C9.15,chr17,lincRNA,0,0,0,1
2136358,ENSG00000169733.11,ENSG00000169733,RFNG,chr17,protein_coding,0,0,0,1
2140998,ENSG00000263006.6,ENSG00000263006,ROCK1P1,chr18,transcribed_unprocessed_pseudogene,1,0,0,1
2141605,ENSG00000158270.11,ENSG00000158270,COLEC12,chr18,protein_coding,1,0,0,0
2142417,ENSG00000141433.12,ENSG00000141433,ADCYAP1,chr18,protein_coding,0,0,0,1
2146800,ENSG00000178127.12,ENSG00000178127,NDUFV2,chr18,protein_coding,1,0,0,0
2147909,ENSG00000134265.12,ENSG00000134265,NAPG,chr18,protein_coding,0,0,0,1
2153631,ENSG00000101752.11,ENSG00000101752,MIB1,chr18,protein_coding,0,0,0,1
2154751,ENSG00000101782.14,ENSG00000101782,RIOK3,chr18,protein_coding,0,0,0,1
2172725,ENSG00000166510.13,ENSG00000166510,CCDC68,chr18,protein_coding,0,0,0,1
2180649,ENSG00000166479.9,ENSG00000166479,TMX3,chr18,protein_coding,0,0,0,1
2183030,ENSG00000101493.10,ENSG00000101493,ZNF516,chr18,protein_coding,1,0,0,0
2183080,ENSG00000280205.1,ENSG00000280205,RP11-504I13.2,chr18,TEC,1,0,0,0
2185611,ENSG00000278000.1,ENSG00000278000,AC139100.4,chr18,sense_intronic,1,0,0,0
2195317,ENSG00000104885.17,ENSG00000104885,DOT1L,chr19,protein_coding,0,0,0,1
2196436,ENSG00000261342.1,ENSG00000261342,AC006538.1,chr19,sense_intronic,0,0,0,1
2203474,ENSG00000127663.14,ENSG00000127663,KDM4B,chr19,protein_coding,0,0,0,1
2225852,ENSG00000173928.2,ENSG00000173928,SWSAP1,chr19,protein_coding,1,0,0,0
2225862,ENSG00000187266.13,ENSG00000187266,EPOR,chr19,protein_coding,0,0,0,1
2227709,ENSG00000278897.1,ENSG00000278897,AC020951.1,chr19,TEC,1,0,0,0
2227941,ENSG00000197647.11,ENSG00000197647,ZNF433,chr19,protein_coding,0,0,0,1
2228098,ENSG00000223547.9,ENSG00000223547,ZNF844,chr19,protein_coding,1,0,0,0
2239754,ENSG00000105127.8,ENSG00000105127,AKAP8,chr19,protein_coding,0,0,0,1
2246833,ENSG00000130304.16,ENSG00000130304,SLC27A1,chr19,protein_coding,0,0,0,1
2250377,ENSG00000130518.16,ENSG00000130518,KIAA1683,chr19,protein_coding,0,0,0,1
2258717,ENSG00000197360.9,ENSG00000197360,ZNF98,chr19,protein_coding,0,0,0,1
2259460,ENSG00000233836.7,ENSG00000233836,RP11-255H23.2,chr19,transcribed_unprocessed_pseudogene,0,0,0,1
2261566,ENSG00000213965.3,ENSG00000213965,NUDT19,chr19,protein_coding,1,0,0,0
2265204,ENSG00000279619.1,ENSG00000279619,CTD-2527I21.5,chr19,TEC,0,0,0,1
2272668,ENSG00000232677.6,ENSG00000232677,LINC00665,chr19,lincRNA,0,0,0,1
2275030,ENSG00000171827.10,ENSG00000171827,ZNF570,chr19,protein_coding,0,0,0,1
2280327,ENSG00000104824.16,ENSG00000104824,HNRNPL,chr19,protein_coding,1,0,0,0
2284891,ENSG00000197782.14,ENSG00000197782,ZNF780A,chr19,protein_coding,0,0,0,1
2292766,ENSG00000028277.21,ENSG00000028277,POU2F2,chr19,protein_coding,0,0,0,1
2297526,ENSG00000159882.12,ENSG00000159882,ZNF230,chr19,protein_coding,0,0,0,1
2297586,ENSG00000159885.13,ENSG00000159885,ZNF222,chr19,protein_coding,0,0,0,1
2303789,ENSG00000104936.17,ENSG00000104936,DMPK,chr19,protein_coding,0,0,0,1
2304734,ENSG00000104983.8,ENSG00000104983,CCDC61,chr19,protein_coding,0,0,0,1
2310351,ENSG00000178150.8,ENSG00000178150,ZNF114,chr19,protein_coding,1,0,0,0
2330531,ENSG00000204604.9,ENSG00000204604,ZNF468,chr19,protein_coding,0,0,0,1
2330914,ENSG00000242779.6,ENSG00000242779,ZNF702P,chr19,transcribed_processed_pseudogene,0,0,0,1
2344495,ENSG00000131845.14,ENSG00000131845,ZNF304,chr19,protein_coding,0,0,0,1
2345663,ENSG00000121417.13,ENSG00000121417,ZNF211,chr19,protein_coding,1,0,0,0
2346386,ENSG00000270804.1,ENSG00000270804,CTD-2583A14.11,chr19,transcribed_processed_pseudogene,0,0,0,1
2347835,ENSG00000268895.5,ENSG00000268895,A1BG-AS1,chr19,antisense,0,0,0,1
2347900,ENSG00000268049.1,ENSG00000268049,CTD-2619J13.9,chr19,antisense,0,0,0,1
2348252,ENSG00000083812.11,ENSG00000083812,ZNF324,chr19,protein_coding,0,0,0,1
2348301,ENSG00000083838.15,ENSG00000083838,ZNF446,chr19,protein_coding,0,0,0,1
2350956,ENSG00000101307.15,ENSG00000101307,SIRPB1,chr20,protein_coding,1,0,0,0
2351398,ENSG00000125834.12,ENSG00000125834,STK35,chr20,protein_coding,1,0,0,0
2354536,ENSG00000125843.10,ENSG00000125843,AP5S1,chr20,protein_coding,0,0,0,1
2354590,ENSG00000088888.17,ENSG00000088888,MAVS,chr20,protein_coding,0,0,0,1
2356300,ENSG00000101311.15,ENSG00000101311,FERMT1,chr20,protein_coding,0,0,0,1
2359696,ENSG00000125848.9,ENSG00000125848,FLRT3,chr20,protein_coding,0,0,0,1
2364059,ENSG00000125812.15,ENSG00000125812,GZF1,chr20,protein_coding,0,0,0,1
2367475,ENSG00000260903.2,ENSG00000260903,XKR7,chr20,protein_coding,0,0,0,1
2369791,ENSG00000078699.21,ENSG00000078699,CBFA2T2,chr20,protein_coding,0,0,0,1
2370820,ENSG00000101444.12,ENSG00000101444,AHCY,chr20,protein_coding,1,0,0,0
2377126,ENSG00000149636.15,ENSG00000149636,DSN1,chr20,protein_coding,0,0,0,1
2377325,ENSG00000149639.14,ENSG00000149639,SOGA1,chr20,protein_coding,0,0,0,1
2390141,ENSG00000124198.8,ENSG00000124198,ARFGEF2,chr20,protein_coding,0,0,0,1
2393828,ENSG00000101138.11,ENSG00000101138,CSTF1,chr20,protein_coding,0,0,0,1
2398247,ENSG00000179242.15,ENSG00000179242,CDH4,chr20,protein_coding,0,0,0,1
2399754,ENSG00000101188.4,ENSG00000101188,NTSR1,chr20,protein_coding,0,0,0,1
2401457,ENSG00000075043.18,ENSG00000075043,KCNQ2,chr20,protein_coding,0,0,0,1
2403874,ENSG00000198276.14,ENSG00000198276,UCKL1,chr20,protein_coding,0,0,0,1
2407128,ENSG00000224905.6,ENSG00000224905,AP001347.6,chr21,antisense,0,0,0,1
2407238,ENSG00000185272.13,ENSG00000185272,RBM11,chr21,protein_coding,0,0,0,1
2407748,ENSG00000155313.15,ENSG00000155313,USP25,chr21,protein_coding,0,0,0,1
2409972,ENSG00000166265.11,ENSG00000166265,CYYR1,chr21,protein_coding,0,0,0,1
2410279,ENSG00000198862.13,ENSG00000198862,LTN1,chr21,protein_coding,0,0,0,1
2413747,ENSG00000205927.4,ENSG00000205927,OLIG2,chr21,protein_coding,1,0,0,0
2419562,ENSG00000157540.19,ENSG00000157540,DYRK1A,chr21,protein_coding,0,0,0,1
2420123,ENSG00000157554.18,ENSG00000157554,ERG,chr21,protein_coding,0,0,0,1
2422182,ENSG00000171587.14,ENSG00000171587,DSCAM,chr21,protein_coding,0,0,0,1
2426980,ENSG00000160208.12,ENSG00000160208,RRP1B,chr21,protein_coding,0,0,0,1
2427024,ENSG00000160209.18,ENSG00000160209,PDXK,chr21,protein_coding,1,0,0,0
2428578,ENSG00000142185.16,ENSG00000142185,TRPM2,chr21,protein_coding,0,0,0,1
2428954,ENSG00000160233.7,ENSG00000160233,LRRC3,chr21,protein_coding,1,0,0,0
2430610,ENSG00000182871.14,ENSG00000182871,COL18A1,chr21,protein_coding,0,0,0,1
2435592,ENSG00000243156.7,ENSG00000243156,MICAL3,chr22,protein_coding,0,0,0,1
2444047,ENSG00000100023.18,ENSG00000100023,PPIL2,chr22,protein_coding,0,0,0,1
2447899,ENSG00000099991.17,ENSG00000099991,CABIN1,chr22,protein_coding,0,0,0,1
2470306,ENSG00000278948.1,ENSG00000278948,RP5-1039K5.12,chr22,TEC,0,0,0,1
2473956,ENSG00000128268.11,ENSG00000128268,MGAT3,chr22,protein_coding,0,0,0,1
2474203,ENSG00000100346.17,ENSG00000100346,CACNA1I,chr22,protein_coding,0,0,0,1
2485240,ENSG00000182858.13,ENSG00000182858,ALG12,chr22,protein_coding,0,0,0,1
2486240,ENSG00000128159.11,ENSG00000128159,TUBGCP6,chr22,protein_coding,0,0,0,1
2487908,ENSG00000100241.20,ENSG00000100241,SBF1,chr22,protein_coding,0,0,0,1
2489725,ENSG00000184319.15,ENSG00000184319,RPL23AP82,chr22,transcribed_unprocessed_pseudogene,0,0,0,1
2492677,ENSG00000011201.11,ENSG00000011201,ANOS1,chrX,protein_coding,0,0,0,1
2500059,ENSG00000149970.14,ENSG00000149970,CNKSR2,chrX,protein_coding,0,0,0,1
2501093,ENSG00000174010.9,ENSG00000174010,KLHL15,chrX,protein_coding,0,0,0,1
2501387,ENSG00000260822.1,ENSG00000260822,GS1-358P8.4,chrX,sense_overlapping,0,0,0,1
2504774,ENSG00000165169.10,ENSG00000165169,DYNLT3,chrX,protein_coding,0,0,0,1
2508955,ENSG00000065923.9,ENSG00000065923,SLC9A7,chrX,protein_coding,0,0,0,1
2520698,ENSG00000196632.10,ENSG00000196632,WNK3,chrX,protein_coding,0,0,0,1
2522302,ENSG00000247746.4,ENSG00000247746,USP51,chrX,protein_coding,1,0,0,0
2526312,ENSG00000165349.11,ENSG00000165349,SLC7A3,chrX,protein_coding,0,0,0,1
2529863,ENSG00000204116.11,ENSG00000204116,CHIC1,chrX,protein_coding,0,0,0,1
2530296,ENSG00000131263.12,ENSG00000131263,RLIM,chrX,protein_coding,0,0,0,1
2530925,ENSG00000085224.21,ENSG00000085224,ATRX,chrX,protein_coding,0,0,0,1
2532497,ENSG00000165259.13,ENSG00000165259,HDX,chrX,protein_coding,0,0,0,1
2533264,ENSG00000237506.3,ENSG00000237506,RPSAP15,chrX,processed_pseudogene,1,0,0,0
2533591,ENSG00000179083.6,ENSG00000179083,FAM133A,chrX,protein_coding,0,0,0,1
2537399,ENSG00000198932.12,ENSG00000198932,GPRASP1,chrX,protein_coding,0,0,0,1
2537519,ENSG00000198908.11,ENSG00000198908,BHLHB9,chrX,protein_coding,0,0,0,1
2538864,ENSG00000166707.10,ENSG00000166707,ZCCHC18,chrX,protein_coding,0,0,0,1
2539205,ENSG00000157502.13,ENSG00000157502,MUM1L1,chrX,protein_coding,0,0,0,1
2546831,ENSG00000177485.6,ENSG00000177485,ZBTB33,chrX,protein_coding,0,0,0,1
2547613,ENSG00000125675.17,ENSG00000125675,GRIA3,chrX,protein_coding,0,0,0,1
2548277,ENSG00000101966.12,ENSG00000101966,XIAP,chrX,protein_coding,0,0,0,1
2549503,ENSG00000122126.15,ENSG00000122126,OCRL,chrX,protein_coding,0,0,0,1
2552196,ENSG00000156531.16,ENSG00000156531,PHF6,chrX,protein_coding,0,0,0,1
2552377,ENSG00000223749.8,ENSG00000223749,MIR503HG,chrX,lincRNA,1,0,0,0
2561671,ENSG00000224963.3,ENSG00000224963,U82695.9,chrX,transcribed_unitary_pseudogene,1,0,0,0
